Id,WeekofPurchase,StoreID,PriceCH,PriceMM,DiscCH,DiscMM,SpecialCH,SpecialMM,LoyalCH,SalePriceMM,SalePriceCH,PriceDiff,Store7,PctDiscMM,PctDiscCH,ListPriceDiff,STORE
1,237,1,1.75,1.99,0.0,0.0,0,0,0.5,1.99,1.75,0.91,0,0.0,0.0,0.24,1
2,239,1,1.75,1.99,0.0,0.3,0,1,0.6,1.69,1.75,0.6100000000000001,0,0.150754,0.0,0.24,1
3,245,1,1.86,2.09,0.17,0.0,0,0,0.68,2.09,1.69,1.07,0,0.0,0.091398,0.23,1
4,227,1,1.69,1.69,0.0,0.0,0,0,0.4,1.69,1.69,0.67,0,0.0,0.0,0.0,1
5,228,7,1.69,1.69,0.0,0.0,0,0,0.956535,1.69,1.69,0.67,1,0.0,0.0,0.0,0
6,230,7,1.69,1.99,0.0,0.0,0,1,0.965228,1.99,1.69,0.97,1,0.0,0.0,0.3,0
7,232,7,1.69,1.99,0.0,0.4,1,1,0.972182,1.59,1.69,0.5700000000000001,1,0.201005,0.0,0.3,0
8,234,7,1.75,1.99,0.0,0.4,1,0,0.977746,1.59,1.75,0.51,1,0.201005,0.0,0.24,0
9,235,7,1.75,1.99,0.0,0.4,0,0,0.982197,1.59,1.75,0.51,1,0.201005,0.0,0.24,0
10,238,7,1.75,1.99,0.0,0.4,0,0,0.985757,1.59,1.75,0.51,1,0.201005,0.0,0.24,0
11,240,7,1.86,2.09,0.0,0.0,0,0,0.988606,2.09,1.86,0.9,1,0.0,0.0,0.23,0
12,263,7,1.86,2.13,0.27,0.0,0,0,0.990885,2.13,1.59,1.21,1,0.0,0.1451609999999999,0.27,0
13,276,7,1.99,2.13,0.0,0.54,0,1,0.992708,1.59,1.99,0.27,1,0.253521,0.0,0.14,0
14,268,7,1.86,2.13,0.0,0.0,0,0,0.68,2.13,1.86,0.9400000000000001,1,0.0,0.0,0.27,0
15,278,7,2.06,2.13,0.0,0.0,0,0,0.7440000000000001,2.13,2.06,0.74,1,0.0,0.0,0.07,0
16,278,7,2.06,2.13,0.0,0.0,0,0,0.7952,2.13,2.06,0.74,1,0.0,0.0,0.07,0
17,240,1,1.75,1.99,0.0,0.3,0,1,0.5,1.69,1.75,0.6100000000000001,0,0.150754,0.0,0.24,1
18,268,2,1.86,2.18,0.0,0.0,0,1,0.4,2.18,1.86,0.99,0,0.0,0.0,0.32,2
19,269,2,1.86,2.18,0.0,0.0,0,0,0.32,2.18,1.86,0.99,0,0.0,0.0,0.32,2
20,254,7,1.86,2.18,0.0,0.0,0,0,0.5,2.18,1.86,0.99,1,0.0,0.0,0.32,0
21,257,7,1.86,2.18,0.0,0.0,0,0,0.6,2.18,1.86,0.99,1,0.0,0.0,0.32,0
22,258,1,1.76,2.18,0.0,0.0,0,0,0.68,2.18,1.76,1.09,0,0.0,0.0,0.42,1
23,259,7,1.86,2.18,0.0,0.0,0,0,0.7440000000000001,2.18,1.86,0.99,1,0.0,0.0,0.32,0
24,264,7,1.86,2.13,0.37,0.0,1,0,0.7952,2.13,1.49,1.31,1,0.0,0.198925,0.27,0
25,268,7,1.86,2.13,0.0,0.0,0,0,0.83616,2.13,1.86,0.9400000000000001,1,0.0,0.0,0.27,0
26,269,7,1.86,2.13,0.27,0.0,1,0,0.868928,2.13,1.59,1.21,1,0.0,0.1451609999999999,0.27,0
27,271,7,1.86,2.13,0.0,0.0,0,0,0.895142,2.13,1.86,0.9400000000000001,1,0.0,0.0,0.27,0
28,272,7,1.86,2.13,0.0,0.0,0,0,0.916114,2.13,1.86,0.9400000000000001,1,0.0,0.0,0.27,0
29,274,7,1.86,2.13,0.47,0.54,1,0,0.932891,1.59,1.39,0.8700000000000001,1,0.253521,0.252688,0.27,0
30,278,7,2.06,2.13,0.0,0.0,0,0,0.946313,2.13,2.06,0.74,1,0.0,0.0,0.07,0
31,246,2,1.89,2.09,0.0,0.0,0,0,0.5,2.09,1.89,0.8700000000000001,0,0.0,0.0,0.2,2
32,265,7,1.86,2.13,0.37,0.0,1,0,0.6,2.13,1.49,1.31,1,0.0,0.198925,0.27,0
33,275,2,1.96,2.18,0.0,0.8,0,1,0.68,1.38,1.96,0.09000000000000008,0,0.3669719999999999,0.0,0.22,2
34,232,2,1.69,1.69,0.0,0.0,1,0,0.68,1.69,1.69,0.67,0,0.0,0.0,0.0,2
35,251,3,1.99,2.23,0.0,0.0,0,0,0.544,2.23,1.99,0.91,0,0.0,0.0,0.24,3
36,256,3,1.99,2.29,0.0,0.0,0,0,0.6352,2.29,1.99,0.97,0,0.0,0.0,0.3,3
37,258,1,1.76,2.18,0.0,0.0,0,0,0.70816,2.18,1.76,1.09,0,0.0,0.0,0.42,1
38,277,1,1.99,2.13,0.24,0.0,0,0,0.7952,2.13,1.75,1.05,0,0.0,0.120603,0.14,1
39,271,4,1.99,2.09,0.1,0.4,1,0,0.4,1.69,1.89,0.47000000000000003,0,0.191388,0.050251,0.1,4
40,227,4,1.79,1.79,0.0,0.0,0,1,0.920961,1.79,1.79,0.67,0,0.0,0.0,0.0,4
41,229,4,1.79,1.79,0.0,0.0,0,0,0.936769,1.79,1.79,0.67,0,0.0,0.0,0.0,4
42,230,4,1.79,1.79,0.0,0.0,0,0,0.949415,1.79,1.79,0.67,0,0.0,0.0,0.0,4
43,233,4,1.79,2.09,0.0,0.0,0,0,0.959532,2.09,1.79,0.97,0,0.0,0.0,0.3,4
44,236,4,1.79,2.09,0.0,0.0,0,0,0.967626,2.09,1.79,0.97,0,0.0,0.0,0.3,4
45,237,4,1.79,2.09,0.0,0.0,0,0,0.9741,2.09,1.79,0.97,0,0.0,0.0,0.3,4
46,240,4,1.79,2.23,0.0,0.0,0,0,0.77928,2.23,1.79,1.11,0,0.0,0.0,0.44,4
47,244,4,1.99,2.23,0.0,0.0,0,0,0.8234239999999999,2.23,1.99,0.91,0,0.0,0.0,0.24,4
48,245,4,1.99,2.23,0.0,0.0,0,0,0.8587389999999999,2.23,1.99,0.91,0,0.0,0.0,0.24,4
49,246,4,1.99,2.23,0.0,0.0,0,0,0.886992,2.23,1.99,0.91,0,0.0,0.0,0.24,4
50,247,4,1.99,2.23,0.0,0.0,0,0,0.909593,2.23,1.99,0.91,0,0.0,0.0,0.24,4
51,248,4,1.99,2.23,0.0,0.0,0,0,0.927675,2.23,1.99,0.91,0,0.0,0.0,0.24,4
52,249,4,1.99,2.23,0.0,0.0,0,0,0.7421399999999999,2.23,1.99,0.91,0,0.0,0.0,0.24,4
53,252,4,1.99,2.23,0.0,0.0,0,0,0.793712,2.23,1.99,0.91,0,0.0,0.0,0.24,4
54,254,4,1.99,2.29,0.0,0.0,1,0,0.8349690000000001,2.29,1.99,0.97,0,0.0,0.0,0.3,4
55,256,4,1.99,2.29,0.0,0.0,0,0,0.667976,2.29,1.99,0.97,0,0.0,0.0,0.3,4
56,256,4,1.99,2.29,0.0,0.0,0,0,0.73438,2.29,1.99,0.97,0,0.0,0.0,0.3,4
57,257,4,1.99,2.29,0.0,0.4,0,1,0.787504,1.89,1.99,0.5700000000000001,0,0.174672,0.0,0.3,4
58,258,4,1.99,2.29,0.0,0.0,0,0,0.830003,2.29,1.99,0.97,0,0.0,0.0,0.3,4
59,258,7,1.86,2.18,0.0,0.0,0,0,0.8640030000000001,2.18,1.86,0.99,1,0.0,0.0,0.32,0
60,259,4,1.99,2.29,0.0,0.0,0,0,0.891202,2.29,1.99,0.97,0,0.0,0.0,0.3,4
61,260,4,1.99,2.09,0.0,0.0,0,0,0.912962,2.09,1.99,0.77,0,0.0,0.0,0.1,4
62,263,4,1.99,2.09,0.0,0.0,0,0,0.930369,2.09,1.99,0.77,0,0.0,0.0,0.1,4
63,265,4,1.99,2.09,0.1,0.0,0,0,0.944296,2.09,1.89,0.8700000000000001,0,0.0,0.050251,0.1,4
64,265,4,1.99,2.09,0.1,0.0,0,0,0.755436,2.09,1.89,0.8700000000000001,0,0.0,0.050251,0.1,4
65,266,4,1.99,2.09,0.1,0.0,0,0,0.804349,2.09,1.89,0.8700000000000001,0,0.0,0.050251,0.1,4
66,267,4,1.99,2.09,0.1,0.0,0,0,0.8434790000000001,2.09,1.89,0.8700000000000001,0,0.0,0.050251,0.1,4
67,269,4,1.99,2.09,0.1,0.0,0,0,0.874783,2.09,1.89,0.8700000000000001,0,0.0,0.050251,0.1,4
68,270,4,1.99,2.09,0.1,0.0,0,0,0.6998270000000001,2.09,1.89,0.8700000000000001,0,0.0,0.050251,0.1,4
69,272,4,1.99,2.09,0.0,0.4,0,0,0.5598609999999999,1.69,1.99,0.37000000000000005,0,0.191388,0.0,0.1,4
70,272,4,1.99,2.09,0.0,0.4,0,0,0.647889,1.69,1.99,0.37000000000000005,0,0.191388,0.0,0.1,4
71,274,4,1.99,2.09,0.0,0.4,0,0,0.7183109999999999,1.69,1.99,0.37000000000000005,0,0.191388,0.0,0.1,4
72,275,4,2.09,2.09,0.0,0.4,0,0,0.774649,1.69,2.09,0.27,0,0.191388,0.0,0.0,4
73,276,4,2.09,2.09,0.2,0.4,0,0,0.8197190000000001,1.69,1.89,0.47000000000000003,0,0.191388,0.095694,0.0,4
74,278,4,2.09,2.09,0.2,0.0,0,0,0.855775,2.09,1.89,0.8700000000000001,0,0.0,0.095694,0.0,4
75,230,7,1.69,1.99,0.0,0.0,0,1,0.68,1.99,1.69,0.97,1,0.0,0.0,0.3,0
76,238,4,1.79,2.09,0.0,0.0,0,0,0.7440000000000001,2.09,1.79,0.97,0,0.0,0.0,0.3,4
77,239,4,1.79,2.23,0.0,0.0,0,0,0.7952,2.23,1.79,1.11,0,0.0,0.0,0.44,4
78,251,4,1.99,2.23,0.0,0.0,0,0,0.83616,2.23,1.99,0.91,0,0.0,0.0,0.24,4
79,252,2,1.89,2.09,0.13,0.0,0,0,0.868928,2.09,1.76,1.0,0,0.0,0.068783,0.2,2
80,255,4,1.99,2.29,0.0,0.0,0,0,0.895142,2.29,1.99,0.97,0,0.0,0.0,0.3,4
81,263,4,1.99,2.09,0.0,0.0,0,0,0.916114,2.09,1.99,0.77,0,0.0,0.0,0.1,4
82,264,4,1.99,2.09,0.1,0.0,0,0,0.932891,2.09,1.89,0.8700000000000001,0,0.0,0.050251,0.1,4
83,269,4,1.99,2.09,0.1,0.0,0,0,0.946313,2.09,1.89,0.8700000000000001,0,0.0,0.050251,0.1,4
84,273,4,1.99,2.09,0.0,0.4,0,0,0.95705,1.69,1.99,0.37000000000000005,0,0.191388,0.0,0.1,4
85,275,4,2.09,2.09,0.0,0.4,0,0,0.96564,1.69,2.09,0.27,0,0.191388,0.0,0.0,4
86,276,2,1.99,2.18,0.0,0.0,0,1,0.972512,2.18,1.99,0.8600000000000001,0,0.0,0.0,0.19,2
87,277,4,2.09,2.09,0.2,0.4,0,0,0.97801,1.69,1.89,0.47000000000000003,0,0.191388,0.095694,0.0,4
88,252,4,1.99,2.23,0.0,0.0,0,0,0.68,2.23,1.99,0.91,0,0.0,0.0,0.24,4
89,275,4,2.09,2.09,0.0,0.4,0,0,0.7440000000000001,1.69,2.09,0.27,0,0.191388,0.0,0.0,4
90,277,3,2.09,2.09,0.2,0.4,0,0,0.7952,1.69,1.89,0.47000000000000003,0,0.191388,0.095694,0.0,3
91,237,4,1.79,2.09,0.0,0.0,0,0,0.5,2.09,1.79,0.97,0,0.0,0.0,0.3,4
92,269,4,1.99,2.09,0.1,0.0,0,0,0.6,2.09,1.89,0.8700000000000001,0,0.0,0.050251,0.1,4
93,242,4,1.99,2.23,0.0,0.0,0,0,0.5,2.23,1.99,0.91,0,0.0,0.0,0.24,4
94,244,7,1.86,2.09,0.0,0.2,0,0,0.6,1.89,1.86,0.7000000000000001,1,0.095694,0.0,0.23,0
95,241,2,1.75,1.99,0.0,0.3,0,1,0.5,1.69,1.75,0.6100000000000001,0,0.150754,0.0,0.24,2
96,277,2,1.99,2.18,0.0,0.0,0,0,0.6,2.18,1.99,0.8600000000000001,0,0.0,0.0,0.19,2
97,277,7,1.99,2.13,0.5,0.0,0,1,0.4,2.13,1.49,1.31,1,0.0,0.251256,0.14,0
98,227,2,1.69,1.69,0.0,0.0,0,0,0.7440000000000001,1.69,1.69,0.67,0,0.0,0.0,0.0,2
99,229,2,1.69,1.69,0.0,0.0,0,0,0.7952,1.69,1.69,0.67,0,0.0,0.0,0.0,2
100,234,2,1.69,1.99,0.0,0.0,0,0,0.83616,1.99,1.69,0.97,0,0.0,0.0,0.3,2
101,236,2,1.75,1.99,0.0,0.0,0,0,0.868928,1.99,1.75,0.91,0,0.0,0.0,0.24,2
102,237,2,1.75,1.99,0.0,0.0,0,0,0.895142,1.99,1.75,0.91,0,0.0,0.0,0.24,2
103,240,2,1.75,1.99,0.0,0.3,0,1,0.916114,1.69,1.75,0.6100000000000001,0,0.150754,0.0,0.24,2
104,241,2,1.75,1.99,0.0,0.3,0,1,0.932891,1.69,1.75,0.6100000000000001,0,0.150754,0.0,0.24,2
105,243,2,1.86,2.09,0.0,0.0,0,1,0.746313,2.09,1.86,0.9,0,0.0,0.0,0.23,2
106,245,2,1.89,2.09,0.0,0.0,0,0,0.79705,2.09,1.89,0.8700000000000001,0,0.0,0.0,0.2,2
107,245,1,1.86,2.09,0.17,0.0,0,0,0.8376399999999999,2.09,1.69,1.07,0,0.0,0.091398,0.23,1
108,248,2,1.89,2.09,0.0,0.0,0,0,0.8701120000000001,2.09,1.89,0.8700000000000001,0,0.0,0.0,0.2,2
109,248,2,1.89,2.09,0.0,0.0,0,0,0.8960899999999999,2.09,1.89,0.8700000000000001,0,0.0,0.0,0.2,2
110,249,2,1.89,2.09,0.0,0.0,0,0,0.916872,2.09,1.89,0.8700000000000001,0,0.0,0.0,0.2,2
111,249,1,1.86,2.09,0.0,0.0,0,0,0.933497,2.09,1.86,0.9,0,0.0,0.0,0.23,1
112,251,3,1.99,2.23,0.0,0.0,0,0,0.946798,2.23,1.99,0.91,0,0.0,0.0,0.24,3
113,253,2,1.89,2.09,0.13,0.0,0,0,0.7574380000000001,2.09,1.76,1.0,0,0.0,0.068783,0.2,2
114,254,2,1.89,2.09,0.13,0.0,0,0,0.805951,2.09,1.76,1.0,0,0.0,0.068783,0.2,2
115,255,2,1.89,2.18,0.13,0.0,0,0,0.8447610000000001,2.18,1.76,1.09,0,0.0,0.068783,0.29,2
116,257,3,1.99,2.29,0.0,0.4,0,1,0.875808,1.89,1.99,0.5700000000000001,0,0.174672,0.0,0.3,3
117,257,2,1.86,2.18,0.0,0.0,0,0,0.900647,2.18,1.86,0.99,0,0.0,0.0,0.32,2
118,258,2,1.86,2.18,0.0,0.0,0,0,0.920517,2.18,1.86,0.99,0,0.0,0.0,0.32,2
119,259,3,1.99,2.29,0.0,0.0,0,0,0.936414,2.29,1.99,0.97,0,0.0,0.0,0.3,3
120,259,2,1.86,2.18,0.0,0.4,0,1,0.949131,1.78,1.86,0.5900000000000001,0,0.1834859999999999,0.0,0.32,2
121,260,2,1.86,2.18,0.0,0.7,0,0,0.959305,1.48,1.86,0.29000000000000004,0,0.321101,0.0,0.32,2
122,261,1,1.76,1.99,0.0,0.0,0,0,0.967444,1.99,1.76,0.9,0,0.0,0.0,0.23,1
123,261,2,1.86,2.18,0.0,0.0,0,0,0.973955,2.18,1.86,0.99,0,0.0,0.0,0.32,2
124,263,2,1.86,2.18,0.0,0.0,0,1,0.979164,2.18,1.86,0.99,0,0.0,0.0,0.32,2
125,264,2,1.86,2.18,0.0,0.0,0,0,0.983331,2.18,1.86,0.99,0,0.0,0.0,0.32,2
126,265,2,1.86,2.18,0.0,0.0,0,0,0.786665,2.18,1.86,0.99,0,0.0,0.0,0.32,2
127,266,1,1.86,1.99,0.0,0.1,0,0,0.829332,1.89,1.86,0.7000000000000001,0,0.050251,0.0,0.13,1
128,266,2,1.86,2.18,0.0,0.0,0,0,0.863466,2.18,1.86,0.99,0,0.0,0.0,0.32,2
129,267,2,1.86,2.18,0.0,0.4,0,1,0.8907719999999999,1.78,1.86,0.5900000000000001,0,0.1834859999999999,0.0,0.32,2
130,270,2,1.86,2.18,0.0,0.0,0,0,0.912618,2.18,1.86,0.99,0,0.0,0.0,0.32,2
131,270,1,1.86,2.18,0.0,0.0,0,0,0.930094,2.18,1.86,0.99,0,0.0,0.0,0.32,1
132,271,2,1.86,2.18,0.0,0.06,0,0,0.944076,2.12,1.86,0.93,0,0.027523,0.0,0.32,2
133,272,2,1.86,2.18,0.0,0.06,0,0,0.95526,2.12,1.86,0.93,0,0.027523,0.0,0.32,2
134,273,7,1.86,2.13,0.0,0.54,0,0,0.964208,1.59,1.86,0.4,1,0.253521,0.0,0.27,0
135,273,1,1.86,2.18,0.0,0.0,0,0,0.971367,2.18,1.86,0.99,0,0.0,0.0,0.32,1
136,274,2,1.96,2.18,0.0,0.8,0,1,0.977093,1.38,1.96,0.09000000000000008,0,0.3669719999999999,0.0,0.22,2
137,275,2,1.96,2.18,0.0,0.8,0,1,0.981675,1.38,1.96,0.09000000000000008,0,0.3669719999999999,0.0,0.22,2
138,276,7,1.99,2.13,0.0,0.54,0,1,0.98534,1.59,1.99,0.27,1,0.253521,0.0,0.14,0
139,278,2,1.99,2.18,0.0,0.0,0,0,0.988272,2.18,1.99,0.8600000000000001,0,0.0,0.0,0.19,2
140,242,3,1.99,2.23,0.0,0.0,0,0,0.6,2.23,1.99,0.91,0,0.0,0.0,0.24,3
141,237,1,1.75,1.99,0.0,0.0,0,0,0.52,1.99,1.75,0.91,0,0.0,0.0,0.24,1
142,251,4,1.99,2.23,0.0,0.0,0,0,0.5,2.23,1.99,0.91,0,0.0,0.0,0.24,4
143,255,4,1.99,2.29,0.0,0.0,0,0,0.6,2.29,1.99,0.97,0,0.0,0.0,0.3,4
144,261,7,1.86,2.13,0.0,0.24,0,0,0.48,1.89,1.86,0.7000000000000001,1,0.112676,0.0,0.27,0
145,277,4,2.09,2.09,0.2,0.4,0,0,0.384,1.69,1.89,0.47000000000000003,0,0.191388,0.095694,0.0,4
146,233,7,1.75,1.99,0.0,0.4,1,0,0.5,1.59,1.75,0.51,1,0.201005,0.0,0.24,0
147,236,7,1.75,1.99,0.0,0.4,0,0,0.4,1.59,1.75,0.51,1,0.201005,0.0,0.24,0
148,243,7,1.86,2.09,0.0,0.2,0,0,0.32,1.89,1.86,0.7000000000000001,1,0.095694,0.0,0.23,0
149,244,7,1.86,2.09,0.0,0.2,0,0,0.256,1.89,1.86,0.7000000000000001,1,0.095694,0.0,0.23,0
150,245,7,1.86,2.09,0.0,0.2,0,0,0.2048,1.89,1.86,0.7000000000000001,1,0.095694,0.0,0.23,0
151,252,7,1.86,2.09,0.1,0.0,0,0,0.16384,2.09,1.76,1.0,1,0.0,0.053763,0.23,0
152,277,7,1.99,2.13,0.5,0.0,0,1,0.131072,2.13,1.49,1.31,1,0.0,0.251256,0.14,0
153,228,4,1.79,1.79,0.0,0.0,0,0,0.83616,1.79,1.79,0.67,0,0.0,0.0,0.0,4
154,230,3,1.79,1.79,0.0,0.0,0,0,0.868928,1.79,1.79,0.67,0,0.0,0.0,0.0,3
155,231,3,1.79,1.79,0.0,0.0,0,0,0.895142,1.79,1.79,0.67,0,0.0,0.0,0.0,3
156,233,1,1.69,1.99,0.0,0.0,0,0,0.916114,1.99,1.69,0.97,0,0.0,0.0,0.3,1
157,263,4,1.99,2.09,0.0,0.0,0,0,0.932891,2.09,1.99,0.77,0,0.0,0.0,0.1,4
158,264,4,1.99,2.09,0.1,0.0,0,0,0.946313,2.09,1.89,0.8700000000000001,0,0.0,0.050251,0.1,4
159,265,4,1.99,2.09,0.1,0.0,0,0,0.95705,2.09,1.89,0.8700000000000001,0,0.0,0.050251,0.1,4
160,266,4,1.99,2.09,0.1,0.0,0,0,0.96564,2.09,1.89,0.8700000000000001,0,0.0,0.050251,0.1,4
161,267,4,1.99,2.09,0.1,0.0,0,0,0.972512,2.09,1.89,0.8700000000000001,0,0.0,0.050251,0.1,4
162,269,4,1.99,2.09,0.1,0.0,0,0,0.97801,2.09,1.89,0.8700000000000001,0,0.0,0.050251,0.1,4
163,270,1,1.86,2.18,0.0,0.0,0,0,0.982408,2.18,1.86,0.99,0,0.0,0.0,0.32,1
164,271,4,1.99,2.09,0.1,0.4,1,0,0.985926,1.69,1.89,0.47000000000000003,0,0.191388,0.050251,0.1,4
165,272,4,1.99,2.09,0.0,0.4,0,0,0.988741,1.69,1.99,0.37000000000000005,0,0.191388,0.0,0.1,4
166,274,4,1.99,2.09,0.0,0.4,0,0,0.990993,1.69,1.99,0.37000000000000005,0,0.191388,0.0,0.1,4
167,276,4,2.09,2.09,0.2,0.4,0,0,0.992794,1.69,1.89,0.47000000000000003,0,0.191388,0.095694,0.0,4
168,277,4,2.09,2.09,0.2,0.4,0,0,0.994235,1.69,1.89,0.47000000000000003,0,0.191388,0.095694,0.0,4
169,278,3,2.09,2.09,0.2,0.0,0,0,0.995388,2.09,1.89,0.8700000000000001,0,0.0,0.095694,0.0,3
170,269,2,1.86,2.18,0.0,0.0,0,0,0.6,2.18,1.86,0.99,0,0.0,0.0,0.32,2
171,229,7,1.69,1.69,0.0,0.2,0,1,0.95705,1.49,1.69,0.47000000000000003,1,0.118343,0.0,0.0,0
172,230,7,1.69,1.99,0.0,0.0,0,1,0.96564,1.99,1.69,0.97,1,0.0,0.0,0.3,0
173,231,4,1.79,1.79,0.0,0.0,0,0,0.972512,1.79,1.79,0.67,0,0.0,0.0,0.0,4
174,233,4,1.79,2.09,0.0,0.0,0,0,0.97801,2.09,1.79,0.97,0,0.0,0.0,0.3,4
175,239,7,1.79,2.09,0.0,0.0,0,0,0.982408,2.09,1.79,0.97,1,0.0,0.0,0.3,0
176,240,4,1.79,2.23,0.0,0.0,0,0,0.985926,2.23,1.79,1.11,0,0.0,0.0,0.44,4
177,242,7,1.86,2.09,0.0,0.0,0,0,0.988741,2.09,1.86,0.9,1,0.0,0.0,0.23,0
178,243,4,1.99,2.23,0.0,0.0,0,0,0.990993,2.23,1.99,0.91,0,0.0,0.0,0.24,4
179,244,7,1.86,2.09,0.0,0.2,0,0,0.992794,1.89,1.86,0.7000000000000001,1,0.095694,0.0,0.23,0
180,246,4,1.99,2.23,0.0,0.0,0,0,0.994235,2.23,1.99,0.91,0,0.0,0.0,0.24,4
181,249,4,1.99,2.23,0.0,0.0,0,0,0.995388,2.23,1.99,0.91,0,0.0,0.0,0.24,4
182,250,7,1.86,2.09,0.0,0.0,0,0,0.996311,2.09,1.86,0.9,1,0.0,0.0,0.23,0
183,251,4,1.99,2.23,0.0,0.0,0,0,0.997049,2.23,1.99,0.91,0,0.0,0.0,0.24,4
184,254,4,1.99,2.29,0.0,0.0,1,0,0.997639,2.29,1.99,0.97,0,0.0,0.0,0.3,4
185,255,4,1.99,2.29,0.0,0.0,0,0,0.998111,2.29,1.99,0.97,0,0.0,0.0,0.3,4
186,257,4,1.99,2.29,0.0,0.4,0,1,0.998489,1.89,1.99,0.5700000000000001,0,0.174672,0.0,0.3,4
187,260,4,1.99,2.09,0.0,0.0,0,0,0.998791,2.09,1.99,0.77,0,0.0,0.0,0.1,4
188,261,4,1.99,2.09,0.0,0.0,0,0,0.999033,2.09,1.99,0.77,0,0.0,0.0,0.1,4
189,262,4,1.99,2.09,0.0,0.0,0,0,0.999226,2.09,1.99,0.77,0,0.0,0.0,0.1,4
190,264,4,1.99,2.09,0.1,0.0,0,0,0.999381,2.09,1.89,0.8700000000000001,0,0.0,0.050251,0.1,4
191,265,4,1.99,2.09,0.1,0.0,0,0,0.999505,2.09,1.89,0.8700000000000001,0,0.0,0.050251,0.1,4
192,266,7,1.86,2.13,0.37,0.0,1,0,0.999604,2.13,1.49,1.31,1,0.0,0.198925,0.27,0
193,267,7,1.86,2.13,0.0,0.0,1,0,0.999683,2.13,1.86,0.9400000000000001,1,0.0,0.0,0.27,0
194,269,7,1.86,2.13,0.27,0.0,1,0,0.999746,2.13,1.59,1.21,1,0.0,0.1451609999999999,0.27,0
195,271,4,1.99,2.09,0.1,0.4,1,0,0.999797,1.69,1.89,0.47000000000000003,0,0.191388,0.050251,0.1,4
196,272,4,1.99,2.09,0.0,0.4,0,0,0.999838,1.69,1.99,0.37000000000000005,0,0.191388,0.0,0.1,4
197,274,4,1.99,2.09,0.0,0.4,0,0,0.99987,1.69,1.99,0.37000000000000005,0,0.191388,0.0,0.1,4
198,275,7,1.99,2.13,0.0,0.54,1,0,0.999896,1.59,1.99,0.27,1,0.253521,0.0,0.14,0
199,276,4,2.09,2.09,0.2,0.4,0,0,0.999917,1.69,1.89,0.47000000000000003,0,0.191388,0.095694,0.0,4
200,277,7,1.99,2.13,0.5,0.0,0,1,0.999934,2.13,1.49,1.31,1,0.0,0.251256,0.14,0
201,278,4,2.09,2.09,0.2,0.0,0,0,0.999947,2.09,1.89,0.8700000000000001,0,0.0,0.095694,0.0,4
202,229,7,1.69,1.69,0.0,0.2,0,1,0.68,1.49,1.69,0.47000000000000003,1,0.118343,0.0,0.0,0
203,230,7,1.69,1.99,0.0,0.0,0,1,0.544,1.99,1.69,0.97,1,0.0,0.0,0.3,0
204,231,7,1.69,1.99,0.0,0.0,0,0,0.6352,1.99,1.69,0.97,1,0.0,0.0,0.3,0
205,233,7,1.75,1.99,0.0,0.4,1,0,0.70816,1.59,1.75,0.51,1,0.201005,0.0,0.24,0
206,237,7,1.75,1.99,0.0,0.4,0,0,0.766528,1.59,1.75,0.51,1,0.201005,0.0,0.24,0
207,241,7,1.86,2.09,0.0,0.0,0,0,0.813222,2.09,1.86,0.9,1,0.0,0.0,0.23,0
208,242,7,1.86,2.09,0.0,0.0,0,0,0.8505780000000001,2.09,1.86,0.9,1,0.0,0.0,0.23,0
209,253,7,1.86,2.09,0.1,0.0,0,0,0.8804620000000001,2.09,1.76,1.0,1,0.0,0.053763,0.23,0
210,256,7,1.86,2.18,0.0,0.0,0,0,0.90437,2.18,1.86,0.99,1,0.0,0.0,0.32,0
211,258,7,1.86,2.18,0.0,0.0,0,0,0.923496,2.18,1.86,0.99,1,0.0,0.0,0.32,0
212,259,7,1.86,2.18,0.0,0.0,0,0,0.938797,2.18,1.86,0.99,1,0.0,0.0,0.32,0
213,260,7,1.86,2.13,0.0,0.24,0,0,0.951037,1.89,1.86,0.7000000000000001,1,0.112676,0.0,0.27,0
214,263,7,1.86,2.13,0.27,0.0,0,0,0.96083,2.13,1.59,1.21,1,0.0,0.1451609999999999,0.27,0
215,264,7,1.86,2.13,0.37,0.0,1,0,0.968664,2.13,1.49,1.31,1,0.0,0.198925,0.27,0
216,265,7,1.86,2.13,0.37,0.0,1,0,0.974931,2.13,1.49,1.31,1,0.0,0.198925,0.27,0
217,265,7,1.86,2.13,0.37,0.0,1,0,0.979945,2.13,1.49,1.31,1,0.0,0.198925,0.27,0
218,267,7,1.86,2.13,0.0,0.0,1,0,0.983956,2.13,1.86,0.9400000000000001,1,0.0,0.0,0.27,0
219,270,7,1.86,2.13,0.27,0.0,1,0,0.987165,2.13,1.59,1.21,1,0.0,0.1451609999999999,0.27,0
220,272,7,1.86,2.13,0.0,0.0,0,0,0.989732,2.13,1.86,0.9400000000000001,1,0.0,0.0,0.27,0
221,274,2,1.96,2.18,0.0,0.8,0,1,0.991785,1.38,1.96,0.09000000000000008,0,0.3669719999999999,0.0,0.22,2
222,228,1,1.69,1.69,0.0,0.0,0,0,0.32,1.69,1.69,0.67,0,0.0,0.0,0.0,1
223,234,1,1.69,1.99,0.0,0.0,0,0,0.256,1.99,1.69,0.97,0,0.0,0.0,0.3,1
224,243,1,1.86,1.99,0.0,0.8,0,1,0.4048,1.19,1.86,0.0,0,0.40201,0.0,0.13,1
225,251,1,1.76,2.09,0.0,0.0,0,0,0.32384,2.09,1.76,1.0,0,0.0,0.0,0.33,1
226,253,1,1.76,2.09,0.0,0.0,0,0,0.459072,2.09,1.76,1.0,0,0.0,0.0,0.33,1
227,242,3,1.99,2.23,0.0,0.0,0,0,0.5,2.23,1.99,0.91,0,0.0,0.0,0.24,3
228,244,3,1.99,2.23,0.0,0.0,0,0,0.4,2.23,1.99,0.91,0,0.0,0.0,0.24,3
229,247,3,1.99,2.23,0.0,0.0,0,0,0.32,2.23,1.99,0.91,0,0.0,0.0,0.24,3
230,274,7,1.86,2.13,0.47,0.54,1,0,0.52,1.59,1.39,0.8700000000000001,1,0.253521,0.252688,0.27,0
231,276,7,1.99,2.13,0.0,0.54,0,1,0.616,1.59,1.99,0.27,1,0.253521,0.0,0.14,0
232,228,7,1.69,1.69,0.0,0.0,0,0,0.535142,1.69,1.69,0.67,1,0.0,0.0,0.0,0
233,233,7,1.75,1.99,0.0,0.4,1,0,0.6281140000000001,1.59,1.75,0.51,1,0.201005,0.0,0.24,0
234,234,7,1.75,1.99,0.0,0.4,1,0,0.702491,1.59,1.75,0.51,1,0.201005,0.0,0.24,0
235,235,7,1.75,1.99,0.0,0.4,0,0,0.5619930000000001,1.59,1.75,0.51,1,0.201005,0.0,0.24,0
236,236,3,1.79,2.09,0.0,0.0,0,0,0.649594,2.09,1.79,0.97,0,0.0,0.0,0.3,3
237,238,3,1.79,2.09,0.0,0.0,0,0,0.719675,2.09,1.79,0.97,0,0.0,0.0,0.3,3
238,240,7,1.86,2.09,0.0,0.0,0,0,0.77574,2.09,1.86,0.9,1,0.0,0.0,0.23,0
239,250,7,1.86,2.09,0.0,0.0,0,0,0.820592,2.09,1.86,0.9,1,0.0,0.0,0.23,0
240,254,7,1.86,2.18,0.0,0.0,0,0,0.856474,2.18,1.86,0.99,1,0.0,0.0,0.32,0
241,257,7,1.86,2.18,0.0,0.0,0,0,0.885179,2.18,1.86,0.99,1,0.0,0.0,0.32,0
242,258,7,1.86,2.18,0.0,0.0,0,0,0.908143,2.18,1.86,0.99,1,0.0,0.0,0.32,0
243,259,7,1.86,2.18,0.0,0.0,0,0,0.926515,2.18,1.86,0.99,1,0.0,0.0,0.32,0
244,260,7,1.86,2.13,0.0,0.24,0,0,0.941212,1.89,1.86,0.7000000000000001,1,0.112676,0.0,0.27,0
245,261,7,1.86,2.13,0.0,0.24,0,0,0.952969,1.89,1.86,0.7000000000000001,1,0.112676,0.0,0.27,0
246,262,7,1.86,2.13,0.0,0.0,0,0,0.962375,2.13,1.86,0.9400000000000001,1,0.0,0.0,0.27,0
247,264,7,1.86,2.13,0.37,0.0,1,0,0.9699,2.13,1.49,1.31,1,0.0,0.198925,0.27,0
248,266,7,1.86,2.13,0.37,0.0,1,0,0.97592,2.13,1.49,1.31,1,0.0,0.198925,0.27,0
249,268,7,1.86,2.13,0.0,0.0,0,0,0.980736,2.13,1.86,0.9400000000000001,1,0.0,0.0,0.27,0
250,268,7,1.86,2.13,0.0,0.0,0,0,0.984589,2.13,1.86,0.9400000000000001,1,0.0,0.0,0.27,0
251,269,7,1.86,2.13,0.27,0.0,1,0,0.987671,2.13,1.59,1.21,1,0.0,0.1451609999999999,0.27,0
252,270,7,1.86,2.13,0.27,0.0,1,0,0.990137,2.13,1.59,1.21,1,0.0,0.1451609999999999,0.27,0
253,271,7,1.86,2.13,0.0,0.0,0,0,0.99211,2.13,1.86,0.9400000000000001,1,0.0,0.0,0.27,0
254,272,7,1.86,2.13,0.0,0.0,0,0,0.993688,2.13,1.86,0.9400000000000001,1,0.0,0.0,0.27,0
255,275,7,1.99,2.13,0.0,0.54,1,0,0.99495,1.59,1.99,0.27,1,0.253521,0.0,0.14,0
256,229,7,1.69,1.69,0.0,0.2,0,1,0.16384,1.49,1.69,0.47000000000000003,1,0.118343,0.0,0.0,0
257,232,7,1.69,1.99,0.0,0.4,1,1,0.331072,1.59,1.69,0.5700000000000001,1,0.201005,0.0,0.3,0
258,257,2,1.86,2.18,0.0,0.0,0,0,0.5,2.18,1.86,0.99,0,0.0,0.0,0.32,2
259,264,3,1.99,2.09,0.1,0.0,0,0,0.6,2.09,1.89,0.8700000000000001,0,0.0,0.050251,0.1,3
260,265,2,1.86,2.18,0.0,0.0,0,0,0.48,2.18,1.86,0.99,0,0.0,0.0,0.32,2
261,267,2,1.86,2.18,0.0,0.4,0,1,0.384,1.78,1.86,0.5900000000000001,0,0.1834859999999999,0.0,0.32,2
262,270,2,1.86,2.18,0.0,0.0,0,0,0.3072,2.18,1.86,0.99,0,0.0,0.0,0.32,2
263,272,2,1.86,2.18,0.0,0.06,0,0,0.44576,2.12,1.86,0.93,0,0.027523,0.0,0.32,2
264,273,2,1.86,2.18,0.0,0.06,0,0,0.556608,2.12,1.86,0.93,0,0.027523,0.0,0.32,2
265,276,2,1.99,2.18,0.0,0.0,0,1,0.6452859999999999,2.18,1.99,0.8600000000000001,0,0.0,0.0,0.19,2
266,278,2,1.99,2.18,0.0,0.0,0,0,0.716229,2.18,1.99,0.8600000000000001,0,0.0,0.0,0.19,2
267,259,2,1.86,2.18,0.0,0.4,0,1,0.6672,1.78,1.86,0.5900000000000001,0,0.1834859999999999,0.0,0.32,2
268,229,3,1.79,1.79,0.0,0.0,0,0,0.5648,1.79,1.79,0.67,0,0.0,0.0,0.0,3
269,235,3,1.79,2.09,0.0,0.0,0,0,0.4518399999999999,2.09,1.79,0.97,0,0.0,0.0,0.3,3
270,261,2,1.86,2.18,0.0,0.0,0,0,0.53376,2.18,1.86,0.99,0,0.0,0.0,0.32,2
271,273,2,1.86,2.18,0.0,0.06,0,0,0.427008,2.12,1.86,0.93,0,0.027523,0.0,0.32,2
272,276,3,2.09,2.09,0.2,0.4,0,0,0.341606,1.69,1.89,0.47000000000000003,0,0.191388,0.095694,0.0,3
273,278,3,2.09,2.09,0.2,0.0,0,0,0.273285,2.09,1.89,0.8700000000000001,0,0.0,0.095694,0.0,3
274,229,3,1.79,1.79,0.0,0.0,0,0,0.027488,1.79,1.79,0.67,0,0.0,0.0,0.0,3
275,234,3,1.79,2.09,0.0,0.0,0,0,0.02199,2.09,1.79,0.97,0,0.0,0.0,0.3,3
276,239,3,1.79,2.23,0.0,0.0,0,0,0.017592,2.23,1.79,1.11,0,0.0,0.0,0.44,3
277,240,3,1.79,2.23,0.0,0.0,0,0,0.014074,2.23,1.79,1.11,0,0.0,0.0,0.44,3
278,240,3,1.79,2.23,0.0,0.0,0,0,0.011259,2.23,1.79,1.11,0,0.0,0.0,0.44,3
279,241,3,1.79,2.23,0.0,0.0,0,0,0.009007,2.23,1.79,1.11,0,0.0,0.0,0.44,3
280,242,3,1.99,2.23,0.0,0.0,0,0,0.007206,2.23,1.99,0.91,0,0.0,0.0,0.24,3
281,243,3,1.99,2.23,0.0,0.0,0,0,0.005765,2.23,1.99,0.91,0,0.0,0.0,0.24,3
282,244,3,1.99,2.23,0.0,0.0,0,0,0.004612,2.23,1.99,0.91,0,0.0,0.0,0.24,3
283,247,3,1.99,2.23,0.0,0.0,0,0,0.003689,2.23,1.99,0.91,0,0.0,0.0,0.24,3
284,248,3,1.99,2.23,0.0,0.0,0,0,0.002951,2.23,1.99,0.91,0,0.0,0.0,0.24,3
285,250,3,1.99,2.23,0.0,0.0,0,0,0.002361,2.23,1.99,0.91,0,0.0,0.0,0.24,3
286,253,3,1.99,2.23,0.0,0.0,0,0,0.001889,2.23,1.99,0.91,0,0.0,0.0,0.24,3
287,259,3,1.99,2.29,0.0,0.0,0,0,0.001511,2.29,1.99,0.97,0,0.0,0.0,0.3,3
288,261,3,1.99,2.09,0.0,0.0,0,0,0.001209,2.09,1.99,0.77,0,0.0,0.0,0.1,3
289,263,3,1.99,2.09,0.0,0.0,0,0,0.000967,2.09,1.99,0.77,0,0.0,0.0,0.1,3
290,264,3,1.99,2.09,0.1,0.0,0,0,0.000774,2.09,1.89,0.8700000000000001,0,0.0,0.050251,0.1,3
291,266,3,1.99,2.09,0.1,0.0,0,0,0.000619,2.09,1.89,0.8700000000000001,0,0.0,0.050251,0.1,3
292,267,3,1.99,2.09,0.1,0.0,0,0,0.000495,2.09,1.89,0.8700000000000001,0,0.0,0.050251,0.1,3
293,270,2,1.86,2.18,0.0,0.0,0,0,0.000396,2.18,1.86,0.99,0,0.0,0.0,0.32,2
294,273,2,1.86,2.18,0.0,0.06,0,0,0.000317,2.12,1.86,0.93,0,0.027523,0.0,0.32,2
295,275,2,1.96,2.18,0.0,0.8,0,1,0.000254,1.38,1.96,0.09000000000000008,0,0.3669719999999999,0.0,0.22,2
296,276,3,2.09,2.09,0.2,0.4,0,0,0.0002029999999999,1.69,1.89,0.47000000000000003,0,0.191388,0.095694,0.0,3
297,228,2,1.69,1.69,0.0,0.0,0,0,0.48,1.69,1.69,0.67,0,0.0,0.0,0.0,2
298,229,2,1.69,1.69,0.0,0.0,0,0,0.584,1.69,1.69,0.67,0,0.0,0.0,0.0,2
299,231,2,1.69,1.69,0.3,0.0,1,0,0.4672,1.69,1.39,0.97,0,0.0,0.177515,0.0,2
300,233,2,1.69,1.69,0.0,0.0,0,0,0.37376,1.69,1.69,0.67,0,0.0,0.0,0.0,2
301,234,3,1.79,2.09,0.0,0.0,0,0,0.299008,2.09,1.79,0.97,0,0.0,0.0,0.3,3
302,240,2,1.75,1.99,0.0,0.3,0,1,0.439206,1.69,1.75,0.6100000000000001,0,0.150754,0.0,0.24,2
303,242,2,1.75,1.99,0.16,0.3,0,1,0.351365,1.69,1.59,0.77,0,0.150754,0.091429,0.24,2
304,245,2,1.89,2.09,0.0,0.0,0,0,0.281092,2.09,1.89,0.8700000000000001,0,0.0,0.0,0.2,2
305,253,3,1.99,2.23,0.0,0.0,0,0,0.424874,2.23,1.99,0.91,0,0.0,0.0,0.24,3
306,256,2,1.89,2.18,0.13,0.0,0,0,0.3398989999999999,2.18,1.76,1.09,0,0.0,0.068783,0.29,2
307,262,2,1.86,2.18,0.0,0.6,0,1,0.271919,1.58,1.86,0.39,0,0.275229,0.0,0.32,2
308,263,2,1.86,2.18,0.0,0.0,0,1,0.2175349999999999,2.18,1.86,0.99,0,0.0,0.0,0.32,2
309,269,3,1.99,2.09,0.1,0.0,0,0,0.174028,2.09,1.89,0.8700000000000001,0,0.0,0.050251,0.1,3
310,270,2,1.86,2.18,0.0,0.0,0,0,0.339223,2.18,1.86,0.99,0,0.0,0.0,0.32,2
311,272,2,1.86,2.18,0.0,0.06,0,0,0.4713779999999999,2.12,1.86,0.93,0,0.027523,0.0,0.32,2
312,273,2,1.86,2.18,0.0,0.06,0,0,0.577102,2.12,1.86,0.93,0,0.027523,0.0,0.32,2
313,275,2,1.96,2.18,0.0,0.8,0,1,0.661682,1.38,1.96,0.09000000000000008,0,0.3669719999999999,0.0,0.22,2
314,276,2,1.99,2.18,0.0,0.0,0,1,0.729346,2.18,1.99,0.8600000000000001,0,0.0,0.0,0.19,2
315,276,2,1.99,2.18,0.0,0.0,0,1,0.7834760000000001,2.18,1.99,0.8600000000000001,0,0.0,0.0,0.19,2
316,278,2,1.99,2.18,0.0,0.0,0,0,0.826781,2.18,1.99,0.8600000000000001,0,0.0,0.0,0.19,2
317,238,3,1.79,2.09,0.0,0.0,0,0,0.7952,2.09,1.79,0.97,0,0.0,0.0,0.3,3
318,241,3,1.79,2.23,0.0,0.0,0,0,0.6361600000000001,2.23,1.79,1.11,0,0.0,0.0,0.44,3
319,246,3,1.99,2.23,0.0,0.0,0,0,0.708928,2.23,1.99,0.91,0,0.0,0.0,0.24,3
320,251,3,1.99,2.23,0.0,0.0,0,0,0.5,2.23,1.99,0.91,0,0.0,0.0,0.24,3
321,257,3,1.99,2.29,0.0,0.4,0,1,0.6,1.89,1.99,0.5700000000000001,0,0.174672,0.0,0.3,3
322,264,3,1.99,2.09,0.1,0.0,0,0,0.68,2.09,1.89,0.8700000000000001,0,0.0,0.050251,0.1,3
323,271,3,1.99,2.09,0.1,0.4,1,0,0.5,1.69,1.89,0.47000000000000003,0,0.191388,0.050251,0.1,3
324,271,3,1.99,2.09,0.1,0.4,1,0,0.4,1.69,1.89,0.47000000000000003,0,0.191388,0.050251,0.1,3
325,230,1,1.69,1.69,0.0,0.2,0,0,0.4,1.49,1.69,0.47000000000000003,0,0.118343,0.0,0.0,1
326,231,1,1.69,1.69,0.3,0.2,1,0,0.32,1.49,1.39,0.77,0,0.118343,0.177515,0.0,1
327,251,1,1.76,2.09,0.0,0.0,0,0,0.456,2.09,1.76,1.0,0,0.0,0.0,0.33,1
328,266,1,1.86,1.99,0.0,0.1,0,0,0.5648,1.89,1.86,0.7000000000000001,0,0.050251,0.0,0.13,1
329,267,4,1.99,2.09,0.1,0.0,0,0,0.65184,2.09,1.89,0.8700000000000001,0,0.0,0.050251,0.1,4
330,268,7,1.86,2.13,0.0,0.0,0,0,0.4,2.13,1.86,0.9400000000000001,1,0.0,0.0,0.27,0
331,262,1,1.76,1.99,0.0,0.4,0,1,0.5,1.59,1.76,0.5,0,0.201005,0.0,0.23,1
332,266,1,1.86,1.99,0.0,0.1,0,0,0.4,1.89,1.86,0.7000000000000001,0,0.050251,0.0,0.13,1
333,229,7,1.69,1.69,0.0,0.2,0,1,0.149422,1.49,1.69,0.47000000000000003,1,0.118343,0.0,0.0,0
334,236,7,1.75,1.99,0.0,0.4,0,0,0.119538,1.59,1.75,0.51,1,0.201005,0.0,0.24,0
335,237,7,1.75,1.99,0.0,0.4,0,0,0.0956299999999999,1.59,1.75,0.51,1,0.201005,0.0,0.24,0
336,238,7,1.75,1.99,0.0,0.4,0,0,0.076504,1.59,1.75,0.51,1,0.201005,0.0,0.24,0
337,242,7,1.86,2.09,0.0,0.0,0,0,0.061203,2.09,1.86,0.9,1,0.0,0.0,0.23,0
338,254,7,1.86,2.18,0.0,0.0,0,0,0.048963,2.18,1.86,0.99,1,0.0,0.0,0.32,0
339,255,7,1.86,2.18,0.0,0.0,0,0,0.0391699999999999,2.18,1.86,0.99,1,0.0,0.0,0.32,0
340,233,7,1.75,1.99,0.0,0.4,1,0,0.7440000000000001,1.59,1.75,0.51,1,0.201005,0.0,0.24,0
341,251,7,1.86,2.09,0.1,0.0,0,0,0.7952,2.09,1.76,1.0,1,0.0,0.053763,0.23,0
342,253,7,1.86,2.09,0.1,0.0,0,0,0.83616,2.09,1.76,1.0,1,0.0,0.053763,0.23,0
343,254,1,1.76,2.09,0.0,0.0,0,0,0.868928,2.09,1.76,1.0,0,0.0,0.0,0.33,1
344,260,7,1.86,2.13,0.0,0.24,0,0,0.895142,1.89,1.86,0.7000000000000001,1,0.112676,0.0,0.27,0
345,261,7,1.86,2.13,0.0,0.24,0,0,0.916114,1.89,1.86,0.7000000000000001,1,0.112676,0.0,0.27,0
346,263,7,1.86,2.13,0.27,0.0,0,0,0.932891,2.13,1.59,1.21,1,0.0,0.1451609999999999,0.27,0
347,264,7,1.86,2.13,0.37,0.0,1,0,0.946313,2.13,1.49,1.31,1,0.0,0.198925,0.27,0
348,267,7,1.86,2.13,0.0,0.0,1,0,0.95705,2.13,1.86,0.9400000000000001,1,0.0,0.0,0.27,0
349,268,7,1.86,2.13,0.0,0.0,0,0,0.96564,2.13,1.86,0.9400000000000001,1,0.0,0.0,0.27,0
350,269,7,1.86,2.13,0.27,0.0,1,0,0.972512,2.13,1.59,1.21,1,0.0,0.1451609999999999,0.27,0
351,277,7,1.99,2.13,0.5,0.0,0,1,0.97801,2.13,1.49,1.31,1,0.0,0.251256,0.14,0
352,278,7,2.06,2.13,0.0,0.0,0,0,0.982408,2.13,2.06,0.74,1,0.0,0.0,0.07,0
353,230,4,1.79,1.79,0.0,0.0,0,0,0.52,1.79,1.79,0.67,0,0.0,0.0,0.0,4
354,273,4,1.99,2.09,0.0,0.4,0,0,0.616,1.69,1.99,0.37000000000000005,0,0.191388,0.0,0.1,4
355,227,4,1.79,1.79,0.0,0.0,0,1,0.5,1.79,1.79,0.67,0,0.0,0.0,0.0,4
356,229,4,1.79,1.79,0.0,0.0,0,0,0.4,1.79,1.79,0.67,0,0.0,0.0,0.0,4
357,230,4,1.79,1.79,0.0,0.0,0,0,0.32,1.79,1.79,0.67,0,0.0,0.0,0.0,4
358,252,4,1.99,2.23,0.0,0.0,0,0,0.5,2.23,1.99,0.91,0,0.0,0.0,0.24,4
359,265,4,1.99,2.09,0.1,0.0,0,0,0.4,2.09,1.89,0.8700000000000001,0,0.0,0.050251,0.1,4
360,262,4,1.99,2.09,0.0,0.0,0,0,0.6,2.09,1.99,0.77,0,0.0,0.0,0.1,4
361,275,7,1.99,2.13,0.0,0.54,1,0,0.6,1.59,1.99,0.27,1,0.253521,0.0,0.14,0
362,259,7,1.86,2.18,0.0,0.0,0,0,0.4,2.18,1.86,0.99,1,0.0,0.0,0.32,0
363,261,7,1.86,2.13,0.0,0.24,0,0,0.32,1.89,1.86,0.7000000000000001,1,0.112676,0.0,0.27,0
364,240,4,1.79,2.23,0.0,0.0,0,0,0.5,2.23,1.79,1.11,0,0.0,0.0,0.44,4
365,244,1,1.86,2.09,0.0,0.0,0,0,0.4,2.09,1.86,0.9,0,0.0,0.0,0.23,1
366,233,7,1.75,1.99,0.0,0.4,1,0,0.4,1.59,1.75,0.51,1,0.201005,0.0,0.24,0
367,256,3,1.99,2.29,0.0,0.0,0,0,0.32,2.29,1.99,0.97,0,0.0,0.0,0.3,3
368,258,2,1.86,2.18,0.0,0.0,0,0,0.256,2.18,1.86,0.99,0,0.0,0.0,0.32,2
369,264,7,1.86,2.13,0.37,0.0,1,0,0.2048,2.13,1.49,1.31,1,0.0,0.198925,0.27,0
370,266,2,1.86,2.18,0.0,0.0,0,0,0.36384,2.18,1.86,0.99,0,0.0,0.0,0.32,2
371,267,1,1.86,1.99,0.0,0.2,0,1,0.491072,1.79,1.86,0.6000000000000001,0,0.100503,0.0,0.13,1
372,274,2,1.96,2.18,0.0,0.8,0,1,0.392858,1.38,1.96,0.09000000000000008,0,0.3669719999999999,0.0,0.22,2
373,274,7,1.86,2.13,0.47,0.54,1,0,0.314286,1.59,1.39,0.8700000000000001,1,0.253521,0.252688,0.27,0
374,228,1,1.69,1.69,0.0,0.0,0,0,0.5,1.69,1.69,0.67,0,0.0,0.0,0.0,1
375,237,2,1.75,1.99,0.0,0.0,0,0,0.4,1.99,1.75,0.91,0,0.0,0.0,0.24,2
376,258,1,1.76,2.18,0.0,0.0,0,0,0.32,2.18,1.76,1.09,0,0.0,0.0,0.42,1
377,228,2,1.69,1.69,0.0,0.0,0,0,0.256,1.69,1.69,0.67,0,0.0,0.0,0.0,2
378,229,2,1.69,1.69,0.0,0.0,0,0,0.2048,1.69,1.69,0.67,0,0.0,0.0,0.0,2
379,236,2,1.75,1.99,0.0,0.0,0,0,0.16384,1.99,1.75,0.91,0,0.0,0.0,0.24,2
380,242,2,1.75,1.99,0.16,0.3,0,1,0.131072,1.69,1.59,0.77,0,0.150754,0.091429,0.24,2
381,254,2,1.89,2.09,0.13,0.0,0,0,0.1048579999999999,2.09,1.76,1.0,0,0.0,0.068783,0.2,2
382,257,2,1.86,2.18,0.0,0.0,0,0,0.283886,2.18,1.86,0.99,0,0.0,0.0,0.32,2
383,260,2,1.86,2.18,0.0,0.7,0,0,0.427109,1.48,1.86,0.29000000000000004,0,0.321101,0.0,0.32,2
384,227,7,1.69,1.69,0.0,0.0,0,1,0.0729929999999999,1.69,1.69,0.67,1,0.0,0.0,0.0,0
385,227,2,1.69,1.69,0.0,0.0,0,0,0.258395,1.69,1.69,0.67,0,0.0,0.0,0.0,2
386,228,2,1.69,1.69,0.0,0.0,0,0,0.2067159999999999,1.69,1.69,0.67,0,0.0,0.0,0.0,2
387,229,2,1.69,1.69,0.0,0.0,0,0,0.165373,1.69,1.69,0.67,0,0.0,0.0,0.0,2
388,230,7,1.69,1.99,0.0,0.0,0,1,0.132298,1.99,1.69,0.97,1,0.0,0.0,0.3,0
389,233,2,1.69,1.69,0.0,0.0,0,0,0.105838,1.69,1.69,0.67,0,0.0,0.0,0.0,2
390,235,7,1.75,1.99,0.0,0.4,0,0,0.084671,1.59,1.75,0.51,1,0.201005,0.0,0.24,0
391,236,2,1.75,1.99,0.0,0.0,0,0,0.267737,1.99,1.75,0.91,0,0.0,0.0,0.24,2
392,237,2,1.75,1.99,0.0,0.0,0,0,0.214189,1.99,1.75,0.91,0,0.0,0.0,0.24,2
393,237,2,1.75,1.99,0.0,0.0,0,0,0.171351,1.99,1.75,0.91,0,0.0,0.0,0.24,2
394,239,7,1.79,2.09,0.0,0.0,0,0,0.137081,2.09,1.79,0.97,1,0.0,0.0,0.3,0
395,240,7,1.86,2.09,0.0,0.0,0,0,0.309665,2.09,1.86,0.9,1,0.0,0.0,0.23,0
396,242,2,1.75,1.99,0.16,0.3,0,1,0.247732,1.69,1.59,0.77,0,0.150754,0.091429,0.24,2
397,257,7,1.86,2.18,0.0,0.0,0,0,0.198186,2.18,1.86,0.99,1,0.0,0.0,0.32,0
398,258,7,1.86,2.18,0.0,0.0,0,0,0.358548,2.18,1.86,0.99,1,0.0,0.0,0.32,0
399,264,7,1.86,2.13,0.37,0.0,1,0,0.286839,2.13,1.49,1.31,1,0.0,0.198925,0.27,0
400,271,7,1.86,2.13,0.0,0.0,0,0,0.429471,2.13,1.86,0.9400000000000001,1,0.0,0.0,0.27,0
401,272,3,1.99,2.09,0.0,0.4,0,0,0.343577,1.69,1.99,0.37000000000000005,0,0.191388,0.0,0.1,3
402,272,2,1.86,2.18,0.0,0.06,0,0,0.274861,2.12,1.86,0.93,0,0.027523,0.0,0.32,2
403,274,7,1.86,2.13,0.47,0.54,1,0,0.219889,1.59,1.39,0.8700000000000001,1,0.253521,0.252688,0.27,0
404,274,2,1.96,2.18,0.0,0.8,0,1,0.1759109999999999,1.38,1.96,0.09000000000000008,0,0.3669719999999999,0.0,0.22,2
405,275,7,1.99,2.13,0.0,0.54,1,0,0.140729,1.59,1.99,0.27,1,0.253521,0.0,0.14,0
406,276,7,1.99,2.13,0.0,0.54,0,1,0.1125829999999999,1.59,1.99,0.27,1,0.253521,0.0,0.14,0
407,227,1,1.69,1.69,0.0,0.0,0,0,0.433472,1.69,1.69,0.67,0,0.0,0.0,0.0,1
408,236,1,1.75,1.99,0.0,0.0,0,0,0.346778,1.99,1.75,0.91,0,0.0,0.0,0.24,1
409,243,1,1.86,1.99,0.0,0.8,0,1,0.277422,1.19,1.86,0.0,0,0.40201,0.0,0.13,1
410,255,7,1.86,2.18,0.0,0.0,0,0,0.421938,2.18,1.86,0.99,1,0.0,0.0,0.32,0
411,261,7,1.86,2.13,0.0,0.24,0,0,0.33755,1.89,1.86,0.7000000000000001,1,0.112676,0.0,0.27,0
412,230,3,1.79,1.79,0.0,0.0,0,0,0.283886,1.79,1.79,0.67,0,0.0,0.0,0.0,3
413,234,7,1.75,1.99,0.0,0.4,1,0,0.227109,1.59,1.75,0.51,1,0.201005,0.0,0.24,0
414,235,3,1.79,2.09,0.0,0.0,0,0,0.181687,2.09,1.79,0.97,0,0.0,0.0,0.3,3
415,238,3,1.79,2.09,0.0,0.0,0,0,0.14535,2.09,1.79,0.97,0,0.0,0.0,0.3,3
416,241,3,1.79,2.23,0.0,0.0,0,0,0.11628,2.23,1.79,1.11,0,0.0,0.0,0.44,3
417,244,7,1.86,2.09,0.0,0.2,0,0,0.093024,1.89,1.86,0.7000000000000001,1,0.095694,0.0,0.23,0
418,257,3,1.99,2.29,0.0,0.4,0,1,0.074419,1.89,1.99,0.5700000000000001,0,0.174672,0.0,0.3,3
419,258,2,1.86,2.18,0.0,0.0,0,0,0.059535,2.18,1.86,0.99,0,0.0,0.0,0.32,2
420,259,3,1.99,2.29,0.0,0.0,0,0,0.047628,2.29,1.99,0.97,0,0.0,0.0,0.3,3
421,260,3,1.99,2.09,0.0,0.0,0,0,0.038103,2.09,1.99,0.77,0,0.0,0.0,0.1,3
422,261,3,1.99,2.09,0.0,0.0,0,0,0.030482,2.09,1.99,0.77,0,0.0,0.0,0.1,3
423,232,2,1.69,1.69,0.0,0.0,1,0,0.4352,1.69,1.69,0.67,0,0.0,0.0,0.0,2
424,235,2,1.69,1.99,0.0,0.0,0,0,0.5481600000000001,1.99,1.69,0.97,0,0.0,0.0,0.3,2
425,242,3,1.99,2.23,0.0,0.0,0,0,0.416,2.23,1.99,0.91,0,0.0,0.0,0.24,3
426,277,3,2.09,2.09,0.2,0.4,0,0,0.5328,1.69,1.89,0.47000000000000003,0,0.191388,0.095694,0.0,3
427,262,4,1.99,2.09,0.0,0.0,0,0,0.1048579999999999,2.09,1.99,0.77,0,0.0,0.0,0.1,4
428,264,7,1.86,2.13,0.37,0.0,1,0,0.283886,2.13,1.49,1.31,1,0.0,0.198925,0.27,0
429,265,7,1.86,2.13,0.37,0.0,1,0,0.427109,2.13,1.49,1.31,1,0.0,0.198925,0.27,0
430,267,4,1.99,2.09,0.1,0.0,0,0,0.3416869999999999,2.09,1.89,0.8700000000000001,0,0.0,0.050251,0.1,4
431,270,4,1.99,2.09,0.1,0.0,0,0,0.27335,2.09,1.89,0.8700000000000001,0,0.0,0.050251,0.1,4
432,272,7,1.86,2.13,0.0,0.0,0,0,0.21868,2.13,1.86,0.9400000000000001,1,0.0,0.0,0.27,0
433,234,7,1.75,1.99,0.0,0.4,1,0,0.5,1.59,1.75,0.51,1,0.201005,0.0,0.24,0
434,243,1,1.86,1.99,0.0,0.8,0,1,0.6,1.19,1.86,0.0,0,0.40201,0.0,0.13,1
435,257,4,1.99,2.29,0.0,0.4,0,1,0.48,1.89,1.99,0.5700000000000001,0,0.174672,0.0,0.3,4
436,261,1,1.76,1.99,0.0,0.0,0,0,0.384,1.99,1.76,0.9,0,0.0,0.0,0.23,1
437,265,1,1.76,1.99,0.0,0.1,0,0,0.3072,1.89,1.76,0.8,0,0.050251,0.0,0.23,1
438,275,1,1.96,2.13,0.0,0.74,0,1,0.44576,1.39,1.96,0.10000000000000009,0,0.347418,0.0,0.17,1
439,243,1,1.86,1.99,0.0,0.8,0,1,0.6,1.19,1.86,0.0,0,0.40201,0.0,0.13,1
440,251,1,1.76,2.09,0.0,0.0,0,0,0.48,2.09,1.76,1.0,0,0.0,0.0,0.33,1
441,256,1,1.76,2.18,0.0,0.0,0,0,0.584,2.18,1.76,1.09,0,0.0,0.0,0.42,1
442,257,1,1.76,2.18,0.0,0.0,0,0,0.6672,2.18,1.76,1.09,0,0.0,0.0,0.42,1
443,258,1,1.76,2.18,0.0,0.0,0,0,0.7337600000000001,2.18,1.76,1.09,0,0.0,0.0,0.42,1
444,261,1,1.76,1.99,0.0,0.0,0,0,0.787008,1.99,1.76,0.9,0,0.0,0.0,0.23,1
445,266,1,1.86,1.99,0.0,0.1,0,0,0.829606,1.89,1.86,0.7000000000000001,0,0.050251,0.0,0.13,1
446,275,1,1.96,2.13,0.0,0.74,0,1,0.863685,1.39,1.96,0.10000000000000009,0,0.347418,0.0,0.17,1
447,233,7,1.75,1.99,0.0,0.4,1,0,0.524608,1.59,1.75,0.51,1,0.201005,0.0,0.24,0
448,256,7,1.86,2.18,0.0,0.0,0,0,0.619686,2.18,1.86,0.99,1,0.0,0.0,0.32,0
449,260,3,1.99,2.09,0.0,0.0,0,0,0.695749,2.09,1.99,0.77,0,0.0,0.0,0.1,3
450,262,2,1.86,2.18,0.0,0.6,0,1,0.556599,1.58,1.86,0.39,0,0.275229,0.0,0.32,2
451,263,2,1.86,2.18,0.0,0.0,0,1,0.445279,2.18,1.86,0.99,0,0.0,0.0,0.32,2
452,264,7,1.86,2.13,0.37,0.0,1,0,0.356224,2.13,1.49,1.31,1,0.0,0.198925,0.27,0
453,267,2,1.86,2.18,0.0,0.4,0,1,0.484979,1.78,1.86,0.5900000000000001,0,0.1834859999999999,0.0,0.32,2
454,268,2,1.86,2.18,0.0,0.0,0,1,0.587983,2.18,1.86,0.99,0,0.0,0.0,0.32,2
455,271,3,1.99,2.09,0.1,0.4,1,0,0.6703859999999999,1.69,1.89,0.47000000000000003,0,0.191388,0.050251,0.1,3
456,272,2,1.86,2.18,0.0,0.06,0,0,0.536309,2.12,1.86,0.93,0,0.027523,0.0,0.32,2
457,274,7,1.86,2.13,0.47,0.54,1,0,0.629047,1.59,1.39,0.8700000000000001,1,0.253521,0.252688,0.27,0
458,275,7,1.99,2.13,0.0,0.54,1,0,0.703238,1.59,1.99,0.27,1,0.253521,0.0,0.14,0
459,275,2,1.96,2.18,0.0,0.8,0,1,0.5625899999999999,1.38,1.96,0.09000000000000008,0,0.3669719999999999,0.0,0.22,2
460,277,3,2.09,2.09,0.2,0.4,0,0,0.450072,1.69,1.89,0.47000000000000003,0,0.191388,0.095694,0.0,3
461,246,2,1.89,2.09,0.0,0.0,0,0,0.48,2.09,1.89,0.8700000000000001,0,0.0,0.0,0.2,2
462,227,4,1.79,1.79,0.0,0.0,0,1,0.48,1.79,1.79,0.67,0,0.0,0.0,0.0,4
463,228,7,1.69,1.69,0.0,0.0,0,0,0.584,1.69,1.69,0.67,1,0.0,0.0,0.0,0
464,255,7,1.86,2.18,0.0,0.0,0,0,0.6672,2.18,1.86,0.99,1,0.0,0.0,0.32,0
465,265,7,1.86,2.13,0.37,0.0,1,0,0.7337600000000001,2.13,1.49,1.31,1,0.0,0.198925,0.27,0
466,267,7,1.86,2.13,0.0,0.0,1,0,0.787008,2.13,1.86,0.9400000000000001,1,0.0,0.0,0.27,0
467,269,7,1.86,2.13,0.27,0.0,1,0,0.829606,2.13,1.59,1.21,1,0.0,0.1451609999999999,0.27,0
468,271,7,1.86,2.13,0.0,0.0,0,0,0.863685,2.13,1.86,0.9400000000000001,1,0.0,0.0,0.27,0
469,272,7,1.86,2.13,0.0,0.0,0,0,0.890948,2.13,1.86,0.9400000000000001,1,0.0,0.0,0.27,0
470,274,7,1.86,2.13,0.47,0.54,1,0,0.912758,1.59,1.39,0.8700000000000001,1,0.253521,0.252688,0.27,0
471,274,7,1.86,2.13,0.47,0.54,1,0,0.5,1.59,1.39,0.8700000000000001,1,0.253521,0.252688,0.27,0
472,275,2,1.96,2.18,0.0,0.8,0,1,0.6,1.38,1.96,0.09000000000000008,0,0.3669719999999999,0.0,0.22,2
473,276,7,1.99,2.13,0.0,0.54,0,1,0.48,1.59,1.99,0.27,1,0.253521,0.0,0.14,0
474,277,7,1.99,2.13,0.5,0.0,0,1,0.384,2.13,1.49,1.31,1,0.0,0.251256,0.14,0
475,246,7,1.86,2.09,0.0,0.0,0,0,0.256,2.09,1.86,0.9,1,0.0,0.0,0.23,0
476,253,7,1.86,2.09,0.1,0.0,0,0,0.4,2.09,1.76,1.0,1,0.0,0.053763,0.23,0
477,266,7,1.86,2.13,0.37,0.0,1,0,0.52,2.13,1.49,1.31,1,0.0,0.198925,0.27,0
478,266,7,1.86,2.13,0.37,0.0,1,0,0.616,2.13,1.49,1.31,1,0.0,0.198925,0.27,0
479,267,7,1.86,2.13,0.0,0.0,1,0,0.6928,2.13,1.86,0.9400000000000001,1,0.0,0.0,0.27,0
480,269,7,1.86,2.13,0.27,0.0,1,0,0.7542399999999999,2.13,1.59,1.21,1,0.0,0.1451609999999999,0.27,0
481,274,7,1.86,2.13,0.47,0.54,1,0,0.803392,1.59,1.39,0.8700000000000001,1,0.253521,0.252688,0.27,0
482,253,2,1.89,2.09,0.13,0.0,0,0,0.6,2.09,1.76,1.0,0,0.0,0.068783,0.2,2
483,255,2,1.89,2.18,0.13,0.0,0,0,0.68,2.18,1.76,1.09,0,0.0,0.068783,0.29,2
484,264,2,1.86,2.18,0.0,0.0,0,0,0.584,2.18,1.86,0.99,0,0.0,0.0,0.32,2
485,235,3,1.79,2.09,0.0,0.0,0,0,0.5,2.09,1.79,0.97,0,0.0,0.0,0.3,3
486,236,3,1.79,2.09,0.0,0.0,0,0,0.6,2.09,1.79,0.97,0,0.0,0.0,0.3,3
487,237,2,1.75,1.99,0.0,0.0,0,0,0.68,1.99,1.75,0.91,0,0.0,0.0,0.24,2
488,238,2,1.75,1.99,0.0,0.0,0,0,0.7440000000000001,1.99,1.75,0.91,0,0.0,0.0,0.24,2
489,239,3,1.79,2.23,0.0,0.0,0,0,0.7952,2.23,1.79,1.11,0,0.0,0.0,0.44,3
490,240,2,1.75,1.99,0.0,0.3,0,1,0.83616,1.69,1.75,0.6100000000000001,0,0.150754,0.0,0.24,2
491,241,3,1.79,2.23,0.0,0.0,0,0,0.868928,2.23,1.79,1.11,0,0.0,0.0,0.44,3
492,242,2,1.75,1.99,0.16,0.3,0,1,0.895142,1.69,1.59,0.77,0,0.150754,0.091429,0.24,2
493,245,3,1.99,2.23,0.0,0.0,0,0,0.916114,2.23,1.99,0.91,0,0.0,0.0,0.24,3
494,246,3,1.99,2.23,0.0,0.0,0,0,0.5,2.23,1.99,0.91,0,0.0,0.0,0.24,3
495,267,3,1.99,2.09,0.1,0.0,0,0,0.6,2.09,1.89,0.8700000000000001,0,0.0,0.050251,0.1,3
496,232,2,1.69,1.69,0.0,0.0,1,0,0.5,1.69,1.69,0.67,0,0.0,0.0,0.0,2
497,262,2,1.86,2.18,0.0,0.6,0,1,0.4,1.58,1.86,0.39,0,0.275229,0.0,0.32,2
498,267,2,1.86,2.18,0.0,0.4,0,1,0.32,1.78,1.86,0.5900000000000001,0,0.1834859999999999,0.0,0.32,2
499,274,2,1.96,2.18,0.0,0.8,0,1,0.256,1.38,1.96,0.09000000000000008,0,0.3669719999999999,0.0,0.22,2
500,276,7,1.99,2.13,0.0,0.54,0,1,0.2048,1.59,1.99,0.27,1,0.253521,0.0,0.14,0
501,229,3,1.79,1.79,0.0,0.0,0,0,0.4,1.79,1.79,0.67,0,0.0,0.0,0.0,3
502,232,3,1.79,2.09,0.0,0.0,0,0,0.52,2.09,1.79,0.97,0,0.0,0.0,0.3,3
503,235,3,1.79,2.09,0.0,0.0,0,0,0.616,2.09,1.79,0.97,0,0.0,0.0,0.3,3
504,240,3,1.79,2.23,0.0,0.0,0,0,0.6928,2.23,1.79,1.11,0,0.0,0.0,0.44,3
505,244,3,1.99,2.23,0.0,0.0,0,0,0.7542399999999999,2.23,1.99,0.91,0,0.0,0.0,0.24,3
506,248,3,1.99,2.23,0.0,0.0,0,0,0.803392,2.23,1.99,0.91,0,0.0,0.0,0.24,3
507,249,3,1.99,2.23,0.0,0.0,0,0,0.842714,2.23,1.99,0.91,0,0.0,0.0,0.24,3
508,252,3,1.99,2.23,0.0,0.0,0,0,0.8741709999999999,2.23,1.99,0.91,0,0.0,0.0,0.24,3
509,255,3,1.99,2.29,0.0,0.0,0,0,0.899337,2.29,1.99,0.97,0,0.0,0.0,0.3,3
510,258,3,1.99,2.29,0.0,0.0,0,0,0.919469,2.29,1.99,0.97,0,0.0,0.0,0.3,3
511,260,3,1.99,2.09,0.0,0.0,0,0,0.935575,2.09,1.99,0.77,0,0.0,0.0,0.1,3
512,263,3,1.99,2.09,0.0,0.0,0,0,0.94846,2.09,1.99,0.77,0,0.0,0.0,0.1,3
513,266,3,1.99,2.09,0.1,0.0,0,0,0.958768,2.09,1.89,0.8700000000000001,0,0.0,0.050251,0.1,3
514,269,3,1.99,2.09,0.1,0.0,0,0,0.967015,2.09,1.89,0.8700000000000001,0,0.0,0.050251,0.1,3
515,271,3,1.99,2.09,0.1,0.4,1,0,0.973612,1.69,1.89,0.47000000000000003,0,0.191388,0.050251,0.1,3
516,274,3,1.99,2.09,0.0,0.4,0,0,0.978889,1.69,1.99,0.37000000000000005,0,0.191388,0.0,0.1,3
517,276,3,2.09,2.09,0.2,0.4,0,0,0.983112,1.69,1.89,0.47000000000000003,0,0.191388,0.095694,0.0,3
518,278,3,2.09,2.09,0.2,0.0,0,0,0.986489,2.09,1.89,0.8700000000000001,0,0.0,0.095694,0.0,3
519,231,2,1.69,1.69,0.3,0.0,1,0,0.5,1.69,1.39,0.97,0,0.0,0.177515,0.0,2
520,257,2,1.86,2.18,0.0,0.0,0,0,0.6,2.18,1.86,0.99,0,0.0,0.0,0.32,2
521,259,2,1.86,2.18,0.0,0.4,0,1,0.68,1.78,1.86,0.5900000000000001,0,0.1834859999999999,0.0,0.32,2
522,275,2,1.96,2.18,0.0,0.8,0,1,0.7440000000000001,1.38,1.96,0.09000000000000008,0,0.3669719999999999,0.0,0.22,2
523,241,1,1.86,1.99,0.0,0.3,0,1,0.5,1.69,1.86,0.5,0,0.150754,0.0,0.13,1
524,277,7,1.99,2.13,0.5,0.0,0,1,0.4,2.13,1.49,1.31,1,0.0,0.251256,0.14,0
525,262,1,1.76,1.99,0.0,0.4,0,1,0.5,1.59,1.76,0.5,0,0.201005,0.0,0.23,1
526,263,1,1.76,1.99,0.0,0.4,0,1,0.4,1.59,1.76,0.5,0,0.201005,0.0,0.23,1
527,242,3,1.99,2.23,0.0,0.0,0,0,0.6,2.23,1.99,0.91,0,0.0,0.0,0.24,3
528,247,2,1.89,2.09,0.0,0.0,0,0,0.68,2.09,1.89,0.8700000000000001,0,0.0,0.0,0.2,2
529,250,2,1.89,2.09,0.0,0.0,0,0,0.7440000000000001,2.09,1.89,0.8700000000000001,0,0.0,0.0,0.2,2
530,236,7,1.75,1.99,0.0,0.4,0,0,0.6,1.59,1.75,0.51,1,0.201005,0.0,0.24,0
531,236,2,1.75,1.99,0.0,0.0,0,0,0.68,1.99,1.75,0.91,0,0.0,0.0,0.24,2
532,237,7,1.75,1.99,0.0,0.4,0,0,0.544,1.59,1.75,0.51,1,0.201005,0.0,0.24,0
533,238,4,1.79,2.09,0.0,0.0,0,0,0.6352,2.09,1.79,0.97,0,0.0,0.0,0.3,4
534,239,2,1.75,1.99,0.0,0.3,0,1,0.70816,1.69,1.75,0.6100000000000001,0,0.150754,0.0,0.24,2
535,254,7,1.86,2.18,0.0,0.0,0,0,0.766528,2.18,1.86,0.99,1,0.0,0.0,0.32,0
536,263,7,1.86,2.13,0.27,0.0,0,0,0.813222,2.13,1.59,1.21,1,0.0,0.1451609999999999,0.27,0
537,264,7,1.86,2.13,0.37,0.0,1,0,0.8505780000000001,2.13,1.49,1.31,1,0.0,0.198925,0.27,0
538,266,4,1.99,2.09,0.1,0.0,0,0,0.8804620000000001,2.09,1.89,0.8700000000000001,0,0.0,0.050251,0.1,4
539,259,7,1.86,2.18,0.0,0.0,0,0,0.32,2.18,1.86,0.99,1,0.0,0.0,0.32,0
540,274,7,1.86,2.13,0.47,0.54,1,0,0.5,1.59,1.39,0.8700000000000001,1,0.253521,0.252688,0.27,0
541,274,7,1.86,2.13,0.47,0.54,1,0,0.4,1.59,1.39,0.8700000000000001,1,0.253521,0.252688,0.27,0
542,259,7,1.86,2.18,0.0,0.0,0,0,0.5,2.18,1.86,0.99,1,0.0,0.0,0.32,0
543,274,7,1.86,2.13,0.47,0.54,1,0,0.6,1.59,1.39,0.8700000000000001,1,0.253521,0.252688,0.27,0
544,228,3,1.79,1.79,0.0,0.0,0,0,0.26624,1.79,1.79,0.67,0,0.0,0.0,0.0,3
545,231,2,1.69,1.69,0.3,0.0,1,0,0.212992,1.69,1.39,0.97,0,0.0,0.177515,0.0,2
546,232,2,1.69,1.69,0.0,0.0,1,0,0.170394,1.69,1.69,0.67,0,0.0,0.0,0.0,2
547,234,2,1.69,1.99,0.0,0.0,0,0,0.136315,1.99,1.69,0.97,0,0.0,0.0,0.3,2
548,235,2,1.69,1.99,0.0,0.0,0,0,0.109052,1.99,1.69,0.97,0,0.0,0.0,0.3,2
549,236,2,1.75,1.99,0.0,0.0,0,0,0.087242,1.99,1.75,0.91,0,0.0,0.0,0.24,2
550,236,7,1.75,1.99,0.0,0.4,0,0,0.069793,1.59,1.75,0.51,1,0.201005,0.0,0.24,0
551,238,2,1.75,1.99,0.0,0.0,0,0,0.055835,1.99,1.75,0.91,0,0.0,0.0,0.24,2
552,239,2,1.75,1.99,0.0,0.3,0,1,0.044668,1.69,1.75,0.6100000000000001,0,0.150754,0.0,0.24,2
553,241,1,1.86,1.99,0.0,0.3,0,1,0.0357339999999999,1.69,1.86,0.5,0,0.150754,0.0,0.13,1
554,245,2,1.89,2.09,0.0,0.0,0,0,0.2285869999999999,2.09,1.89,0.8700000000000001,0,0.0,0.0,0.2,2
555,251,2,1.89,2.09,0.13,0.0,0,0,0.18287,2.09,1.76,1.0,0,0.0,0.068783,0.2,2
556,258,7,1.86,2.18,0.0,0.0,0,0,0.346296,2.18,1.86,0.99,1,0.0,0.0,0.32,0
557,275,1,1.96,2.13,0.0,0.74,0,1,0.477037,1.39,1.96,0.10000000000000009,0,0.347418,0.0,0.17,1
558,276,1,1.99,2.13,0.0,0.0,0,1,0.381629,2.13,1.99,0.81,0,0.0,0.0,0.14,1
559,233,7,1.75,1.99,0.0,0.4,1,0,0.5,1.59,1.75,0.51,1,0.201005,0.0,0.24,0
560,270,7,1.86,2.13,0.27,0.0,1,0,0.6,2.13,1.59,1.21,1,0.0,0.1451609999999999,0.27,0
561,245,2,1.89,2.09,0.0,0.0,0,0,0.5,2.09,1.89,0.8700000000000001,0,0.0,0.0,0.2,2
562,278,7,2.06,2.13,0.0,0.0,0,0,0.4,2.13,2.06,0.74,1,0.0,0.0,0.07,0
563,230,4,1.79,1.79,0.0,0.0,0,0,0.6672,1.79,1.79,0.67,0,0.0,0.0,0.0,4
564,253,1,1.76,2.09,0.0,0.0,0,0,0.5,2.09,1.76,1.0,0,0.0,0.0,0.33,1
565,266,7,1.86,2.13,0.37,0.0,1,0,0.6,2.13,1.49,1.31,1,0.0,0.198925,0.27,0
566,227,4,1.79,1.79,0.0,0.0,0,1,0.4,1.79,1.79,0.67,0,0.0,0.0,0.0,4
567,233,7,1.75,1.99,0.0,0.4,1,0,0.4,1.59,1.75,0.51,1,0.201005,0.0,0.24,0
568,277,7,1.99,2.13,0.5,0.0,0,1,0.32,2.13,1.49,1.31,1,0.0,0.251256,0.14,0
569,247,1,1.86,2.09,0.0,0.0,0,0,0.5,2.09,1.86,0.9,0,0.0,0.0,0.23,1
570,253,1,1.76,2.09,0.0,0.0,0,0,0.4,2.09,1.76,1.0,0,0.0,0.0,0.33,1
571,236,3,1.79,2.09,0.0,0.0,0,0,0.077677,2.09,1.79,0.97,0,0.0,0.0,0.3,3
572,237,3,1.79,2.09,0.0,0.0,0,0,0.0621419999999999,2.09,1.79,0.97,0,0.0,0.0,0.3,3
573,240,3,1.79,2.23,0.0,0.0,0,0,0.249713,2.23,1.79,1.11,0,0.0,0.0,0.44,3
574,255,3,1.99,2.29,0.0,0.0,0,0,0.199771,2.29,1.99,0.97,0,0.0,0.0,0.3,3
575,256,3,1.99,2.29,0.0,0.0,0,0,0.359817,2.29,1.99,0.97,0,0.0,0.0,0.3,3
576,270,3,1.99,2.09,0.1,0.0,0,0,0.287853,2.09,1.89,0.8700000000000001,0,0.0,0.050251,0.1,3
577,230,7,1.69,1.99,0.0,0.0,0,1,0.6,1.99,1.69,0.97,1,0.0,0.0,0.3,0
578,250,7,1.86,2.09,0.0,0.0,0,0,0.5,2.09,1.86,0.9,1,0.0,0.0,0.23,0
579,272,7,1.86,2.13,0.0,0.0,0,0,0.6,2.13,1.86,0.9400000000000001,1,0.0,0.0,0.27,0
580,254,7,1.86,2.18,0.0,0.0,0,0,0.5,2.18,1.86,0.99,1,0.0,0.0,0.32,0
581,255,7,1.86,2.18,0.0,0.0,0,0,0.6,2.18,1.86,0.99,1,0.0,0.0,0.32,0
582,258,7,1.86,2.18,0.0,0.0,0,0,0.68,2.18,1.86,0.99,1,0.0,0.0,0.32,0
583,260,7,1.86,2.13,0.0,0.24,0,0,0.7440000000000001,1.89,1.86,0.7000000000000001,1,0.112676,0.0,0.27,0
584,263,7,1.86,2.13,0.27,0.0,0,0,0.7952,2.13,1.59,1.21,1,0.0,0.1451609999999999,0.27,0
585,264,7,1.86,2.13,0.37,0.0,1,0,0.83616,2.13,1.49,1.31,1,0.0,0.198925,0.27,0
586,265,7,1.86,2.13,0.37,0.0,1,0,0.868928,2.13,1.49,1.31,1,0.0,0.198925,0.27,0
587,272,7,1.86,2.13,0.0,0.0,0,0,0.895142,2.13,1.86,0.9400000000000001,1,0.0,0.0,0.27,0
588,231,1,1.69,1.69,0.3,0.2,1,0,0.5,1.49,1.39,0.77,0,0.118343,0.177515,0.0,1
589,234,7,1.75,1.99,0.0,0.4,1,0,0.6,1.59,1.75,0.51,1,0.201005,0.0,0.24,0
590,251,7,1.86,2.09,0.1,0.0,0,0,0.48,2.09,1.76,1.0,1,0.0,0.053763,0.23,0
591,253,7,1.86,2.09,0.1,0.0,0,0,0.584,2.09,1.76,1.0,1,0.0,0.053763,0.23,0
592,254,7,1.86,2.18,0.0,0.0,0,0,0.6672,2.18,1.86,0.99,1,0.0,0.0,0.32,0
593,254,7,1.86,2.18,0.0,0.0,0,0,0.7337600000000001,2.18,1.86,0.99,1,0.0,0.0,0.32,0
594,255,7,1.86,2.18,0.0,0.0,0,0,0.787008,2.18,1.86,0.99,1,0.0,0.0,0.32,0
595,256,7,1.86,2.18,0.0,0.0,0,0,0.829606,2.18,1.86,0.99,1,0.0,0.0,0.32,0
596,257,7,1.86,2.18,0.0,0.0,0,0,0.863685,2.18,1.86,0.99,1,0.0,0.0,0.32,0
597,258,7,1.86,2.18,0.0,0.0,0,0,0.890948,2.18,1.86,0.99,1,0.0,0.0,0.32,0
598,259,7,1.86,2.18,0.0,0.0,0,0,0.912758,2.18,1.86,0.99,1,0.0,0.0,0.32,0
599,259,7,1.86,2.18,0.0,0.0,0,0,0.930207,2.18,1.86,0.99,1,0.0,0.0,0.32,0
600,260,7,1.86,2.13,0.0,0.24,0,0,0.944165,1.89,1.86,0.7000000000000001,1,0.112676,0.0,0.27,0
601,260,7,1.86,2.13,0.0,0.24,0,0,0.955332,1.89,1.86,0.7000000000000001,1,0.112676,0.0,0.27,0
602,261,7,1.86,2.13,0.0,0.24,0,0,0.964266,1.89,1.86,0.7000000000000001,1,0.112676,0.0,0.27,0
603,262,7,1.86,2.13,0.0,0.0,0,0,0.971413,2.13,1.86,0.9400000000000001,1,0.0,0.0,0.27,0
604,262,7,1.86,2.13,0.0,0.0,0,0,0.97713,2.13,1.86,0.9400000000000001,1,0.0,0.0,0.27,0
605,264,7,1.86,2.13,0.37,0.0,1,0,0.981704,2.13,1.49,1.31,1,0.0,0.198925,0.27,0
606,265,7,1.86,2.13,0.37,0.0,1,0,0.985363,2.13,1.49,1.31,1,0.0,0.198925,0.27,0
607,266,1,1.86,1.99,0.0,0.1,0,0,0.988291,1.89,1.86,0.7000000000000001,0,0.050251,0.0,0.13,1
608,267,7,1.86,2.13,0.0,0.0,1,0,0.990633,2.13,1.86,0.9400000000000001,1,0.0,0.0,0.27,0
609,269,7,1.86,2.13,0.27,0.0,1,0,0.992506,2.13,1.59,1.21,1,0.0,0.1451609999999999,0.27,0
610,277,7,1.99,2.13,0.5,0.0,0,1,0.994005,2.13,1.49,1.31,1,0.0,0.251256,0.14,0
611,251,7,1.86,2.09,0.1,0.0,0,0,0.6,2.09,1.76,1.0,1,0.0,0.053763,0.23,0
612,233,7,1.75,1.99,0.0,0.4,1,0,0.2048,1.59,1.75,0.51,1,0.201005,0.0,0.24,0
613,259,7,1.86,2.18,0.0,0.0,0,0,0.36384,2.18,1.86,0.99,1,0.0,0.0,0.32,0
614,259,7,1.86,2.18,0.0,0.0,0,0,0.491072,2.18,1.86,0.99,1,0.0,0.0,0.32,0
615,260,7,1.86,2.13,0.0,0.24,0,0,0.592858,1.89,1.86,0.7000000000000001,1,0.112676,0.0,0.27,0
616,262,7,1.86,2.13,0.0,0.0,0,0,0.6742859999999999,2.13,1.86,0.9400000000000001,1,0.0,0.0,0.27,0
617,262,7,1.86,2.13,0.0,0.0,0,0,0.739429,2.13,1.86,0.9400000000000001,1,0.0,0.0,0.27,0
618,264,1,1.76,1.99,0.0,0.4,0,0,0.791543,1.59,1.76,0.5,0,0.201005,0.0,0.23,1
619,265,1,1.76,1.99,0.0,0.1,0,0,0.833234,1.89,1.76,0.8,0,0.050251,0.0,0.23,1
620,267,7,1.86,2.13,0.0,0.0,1,0,0.8665879999999999,2.13,1.86,0.9400000000000001,1,0.0,0.0,0.27,0
621,269,7,1.86,2.13,0.27,0.0,1,0,0.8932700000000001,2.13,1.59,1.21,1,0.0,0.1451609999999999,0.27,0
622,270,1,1.86,2.18,0.0,0.0,0,0,0.914616,2.18,1.86,0.99,0,0.0,0.0,0.32,1
623,271,1,1.86,2.18,0.0,0.0,0,0,0.931693,2.18,1.86,0.99,0,0.0,0.0,0.32,1
624,272,1,1.86,2.18,0.0,0.0,0,0,0.945354,2.18,1.86,0.99,0,0.0,0.0,0.32,1
625,272,1,1.86,2.18,0.0,0.0,0,0,0.956283,2.18,1.86,0.99,0,0.0,0.0,0.32,1
626,273,7,1.86,2.13,0.0,0.54,0,0,0.965027,1.59,1.86,0.4,1,0.253521,0.0,0.27,0
627,274,7,1.86,2.13,0.47,0.54,1,0,0.972021,1.59,1.39,0.8700000000000001,1,0.253521,0.252688,0.27,0
628,242,2,1.75,1.99,0.16,0.3,0,1,0.4,1.69,1.59,0.77,0,0.150754,0.091429,0.24,2
629,256,2,1.89,2.18,0.13,0.0,0,0,0.32,2.18,1.76,1.09,0,0.0,0.068783,0.29,2
630,260,2,1.86,2.18,0.0,0.7,0,0,0.456,1.48,1.86,0.29000000000000004,0,0.321101,0.0,0.32,2
631,246,3,1.99,2.23,0.0,0.0,0,0,0.5,2.23,1.99,0.91,0,0.0,0.0,0.24,3
632,274,7,1.86,2.13,0.47,0.54,1,0,0.6,1.59,1.39,0.8700000000000001,1,0.253521,0.252688,0.27,0
633,242,1,1.86,1.99,0.0,0.3,0,1,0.3072,1.69,1.86,0.5,0,0.150754,0.0,0.13,1
634,239,3,1.79,2.23,0.0,0.0,0,0,0.813222,2.23,1.79,1.11,0,0.0,0.0,0.44,3
635,241,3,1.79,2.23,0.0,0.0,0,0,0.8505780000000001,2.23,1.79,1.11,0,0.0,0.0,0.44,3
636,244,3,1.99,2.23,0.0,0.0,0,0,0.8804620000000001,2.23,1.99,0.91,0,0.0,0.0,0.24,3
637,268,3,1.99,2.09,0.1,0.0,0,0,0.90437,2.09,1.89,0.8700000000000001,0,0.0,0.050251,0.1,3
638,237,3,1.79,2.09,0.0,0.0,0,0,0.540992,2.09,1.79,0.97,0,0.0,0.0,0.3,3
639,248,3,1.99,2.23,0.0,0.0,0,0,0.5,2.23,1.99,0.91,0,0.0,0.0,0.24,3
640,262,2,1.86,2.18,0.0,0.6,0,1,0.4,1.58,1.86,0.39,0,0.275229,0.0,0.32,2
641,233,3,1.79,2.09,0.0,0.0,0,0,0.5072,2.09,1.79,0.97,0,0.0,0.0,0.3,3
642,236,2,1.75,1.99,0.0,0.0,0,0,0.6057600000000001,1.99,1.75,0.91,0,0.0,0.0,0.24,2
643,237,2,1.75,1.99,0.0,0.0,0,0,0.484608,1.99,1.75,0.91,0,0.0,0.0,0.24,2
644,238,2,1.75,1.99,0.0,0.0,0,0,0.5876859999999999,1.99,1.75,0.91,0,0.0,0.0,0.24,2
645,239,3,1.79,2.23,0.0,0.0,0,0,0.670149,2.23,1.79,1.11,0,0.0,0.0,0.44,3
646,240,2,1.75,1.99,0.0,0.3,0,1,0.736119,1.69,1.75,0.6100000000000001,0,0.150754,0.0,0.24,2
647,241,3,1.79,2.23,0.0,0.0,0,0,0.788895,2.23,1.79,1.11,0,0.0,0.0,0.44,3
648,247,3,1.99,2.23,0.0,0.0,0,0,0.831116,2.23,1.99,0.91,0,0.0,0.0,0.24,3
649,248,3,1.99,2.23,0.0,0.0,0,0,0.864893,2.23,1.99,0.91,0,0.0,0.0,0.24,3
650,249,2,1.89,2.09,0.0,0.0,0,0,0.891914,2.09,1.89,0.8700000000000001,0,0.0,0.0,0.2,2
651,251,2,1.89,2.09,0.13,0.0,0,0,0.913532,2.09,1.76,1.0,0,0.0,0.068783,0.2,2
652,254,2,1.89,2.09,0.13,0.0,0,0,0.930825,2.09,1.76,1.0,0,0.0,0.068783,0.2,2
653,260,2,1.86,2.18,0.0,0.7,0,0,0.94466,1.48,1.86,0.29000000000000004,0,0.321101,0.0,0.32,2
654,261,2,1.86,2.18,0.0,0.0,0,0,0.955728,2.18,1.86,0.99,0,0.0,0.0,0.32,2
655,262,3,1.99,2.09,0.0,0.0,0,0,0.964583,2.09,1.99,0.77,0,0.0,0.0,0.1,3
656,266,2,1.86,2.18,0.0,0.0,0,0,0.971666,2.18,1.86,0.99,0,0.0,0.0,0.32,2
657,269,2,1.86,2.18,0.0,0.0,0,0,0.977333,2.18,1.86,0.99,0,0.0,0.0,0.32,2
658,270,2,1.86,2.18,0.0,0.0,0,0,0.981866,2.18,1.86,0.99,0,0.0,0.0,0.32,2
659,271,2,1.86,2.18,0.0,0.06,0,0,0.985493,2.12,1.86,0.93,0,0.027523,0.0,0.32,2
660,271,2,1.86,2.18,0.0,0.06,0,0,0.7883939999999999,2.12,1.86,0.93,0,0.027523,0.0,0.32,2
661,253,1,1.76,2.09,0.0,0.0,0,0,0.6,2.09,1.76,1.0,0,0.0,0.0,0.33,1
662,266,7,1.86,2.13,0.37,0.0,1,0,0.68,2.13,1.49,1.31,1,0.0,0.198925,0.27,0
663,265,7,1.86,2.13,0.37,0.0,1,0,0.4,2.13,1.49,1.31,1,0.0,0.198925,0.27,0
664,267,7,1.86,2.13,0.0,0.0,1,0,0.52,2.13,1.86,0.9400000000000001,1,0.0,0.0,0.27,0
665,228,2,1.69,1.69,0.0,0.0,0,0,0.5,1.69,1.69,0.67,0,0.0,0.0,0.0,2
666,243,1,1.86,1.99,0.0,0.8,0,1,0.4,1.19,1.86,0.0,0,0.40201,0.0,0.13,1
667,256,2,1.89,2.18,0.13,0.0,0,0,0.4,2.18,1.76,1.09,0,0.0,0.068783,0.29,2
668,259,2,1.86,2.18,0.0,0.4,0,1,0.32,1.78,1.86,0.5900000000000001,0,0.1834859999999999,0.0,0.32,2
669,261,2,1.86,2.18,0.0,0.0,0,0,0.256,2.18,1.86,0.99,0,0.0,0.0,0.32,2
670,254,4,1.99,2.29,0.0,0.0,1,0,0.5,2.29,1.99,0.97,0,0.0,0.0,0.3,4
671,260,1,1.76,1.99,0.0,0.2,0,0,0.6,1.79,1.76,0.7000000000000001,0,0.100503,0.0,0.23,1
672,266,1,1.86,1.99,0.0,0.1,0,0,0.68,1.89,1.86,0.7000000000000001,0,0.050251,0.0,0.13,1
673,267,1,1.86,1.99,0.0,0.2,0,1,0.7440000000000001,1.79,1.86,0.6000000000000001,0,0.100503,0.0,0.13,1
674,268,1,1.86,1.99,0.0,0.2,0,1,0.5952,1.79,1.86,0.6000000000000001,0,0.100503,0.0,0.13,1
675,270,1,1.86,2.18,0.0,0.0,0,0,0.47616,2.18,1.86,0.99,0,0.0,0.0,0.32,1
676,273,1,1.86,2.18,0.0,0.0,0,0,0.580928,2.18,1.86,0.99,0,0.0,0.0,0.32,1
677,274,1,1.96,2.13,0.0,0.74,0,1,0.664742,1.39,1.96,0.10000000000000009,0,0.347418,0.0,0.17,1
678,274,1,1.96,2.13,0.0,0.74,0,1,0.731794,1.39,1.96,0.10000000000000009,0,0.347418,0.0,0.17,1
679,277,1,1.99,2.13,0.24,0.0,0,0,0.585435,2.13,1.75,1.05,0,0.0,0.120603,0.14,1
680,235,7,1.75,1.99,0.0,0.4,0,0,0.4,1.59,1.75,0.51,1,0.201005,0.0,0.24,0
681,240,7,1.86,2.09,0.0,0.0,0,0,0.32,2.09,1.86,0.9,1,0.0,0.0,0.23,0
682,242,3,1.99,2.23,0.0,0.0,0,0,0.256,2.23,1.99,0.91,0,0.0,0.0,0.24,3
683,243,7,1.86,2.09,0.0,0.2,0,0,0.2048,1.89,1.86,0.7000000000000001,1,0.095694,0.0,0.23,0
684,254,7,1.86,2.18,0.0,0.0,0,0,0.16384,2.18,1.86,0.99,1,0.0,0.0,0.32,0
685,256,7,1.86,2.18,0.0,0.0,0,0,0.131072,2.18,1.86,0.99,1,0.0,0.0,0.32,0
686,259,7,1.86,2.18,0.0,0.0,0,0,0.1048579999999999,2.18,1.86,0.99,1,0.0,0.0,0.32,0
687,260,7,1.86,2.13,0.0,0.24,0,0,0.083886,1.89,1.86,0.7000000000000001,1,0.112676,0.0,0.27,0
688,278,7,2.06,2.13,0.0,0.0,0,0,0.067109,2.13,2.06,0.74,1,0.0,0.0,0.07,0
689,227,3,1.79,1.79,0.0,0.0,0,1,0.053687,1.79,1.79,0.67,0,0.0,0.0,0.0,3
690,228,3,1.79,1.79,0.0,0.0,0,0,0.04295,1.79,1.79,0.67,0,0.0,0.0,0.0,3
691,229,3,1.79,1.79,0.0,0.0,0,0,0.03436,1.79,1.79,0.67,0,0.0,0.0,0.0,3
692,230,3,1.79,1.79,0.0,0.0,0,0,0.027488,1.79,1.79,0.67,0,0.0,0.0,0.0,3
693,231,3,1.79,1.79,0.0,0.0,0,0,0.02199,1.79,1.79,0.67,0,0.0,0.0,0.0,3
694,232,3,1.79,2.09,0.0,0.0,0,0,0.017592,2.09,1.79,0.97,0,0.0,0.0,0.3,3
695,233,3,1.79,2.09,0.0,0.0,0,0,0.014074,2.09,1.79,0.97,0,0.0,0.0,0.3,3
696,234,3,1.79,2.09,0.0,0.0,0,0,0.011259,2.09,1.79,0.97,0,0.0,0.0,0.3,3
697,235,3,1.79,2.09,0.0,0.0,0,0,0.009007,2.09,1.79,0.97,0,0.0,0.0,0.3,3
698,236,3,1.79,2.09,0.0,0.0,0,0,0.007206,2.09,1.79,0.97,0,0.0,0.0,0.3,3
699,241,3,1.79,2.23,0.0,0.0,0,0,0.005765,2.23,1.79,1.11,0,0.0,0.0,0.44,3
700,245,3,1.99,2.23,0.0,0.0,0,0,0.004612,2.23,1.99,0.91,0,0.0,0.0,0.24,3
701,247,3,1.99,2.23,0.0,0.0,0,0,0.003689,2.23,1.99,0.91,0,0.0,0.0,0.24,3
702,248,3,1.99,2.23,0.0,0.0,0,0,0.002951,2.23,1.99,0.91,0,0.0,0.0,0.24,3
703,249,3,1.99,2.23,0.0,0.0,0,0,0.002361,2.23,1.99,0.91,0,0.0,0.0,0.24,3
704,250,3,1.99,2.23,0.0,0.0,0,0,0.001889,2.23,1.99,0.91,0,0.0,0.0,0.24,3
705,254,3,1.99,2.29,0.0,0.0,1,0,0.001511,2.29,1.99,0.97,0,0.0,0.0,0.3,3
706,255,3,1.99,2.29,0.0,0.0,0,0,0.001209,2.29,1.99,0.97,0,0.0,0.0,0.3,3
707,256,3,1.99,2.29,0.0,0.0,0,0,0.000967,2.29,1.99,0.97,0,0.0,0.0,0.3,3
708,257,3,1.99,2.29,0.0,0.4,0,1,0.000774,1.89,1.99,0.5700000000000001,0,0.174672,0.0,0.3,3
709,259,3,1.99,2.29,0.0,0.0,0,0,0.000619,2.29,1.99,0.97,0,0.0,0.0,0.3,3
710,259,3,1.99,2.29,0.0,0.0,0,0,0.000495,2.29,1.99,0.97,0,0.0,0.0,0.3,3
711,260,3,1.99,2.09,0.0,0.0,0,0,0.000396,2.09,1.99,0.77,0,0.0,0.0,0.1,3
712,263,3,1.99,2.09,0.0,0.0,0,0,0.000317,2.09,1.99,0.77,0,0.0,0.0,0.1,3
713,264,3,1.99,2.09,0.1,0.0,0,0,0.000254,2.09,1.89,0.8700000000000001,0,0.0,0.050251,0.1,3
714,265,3,1.99,2.09,0.1,0.0,0,0,0.0002029999999999,2.09,1.89,0.8700000000000001,0,0.0,0.050251,0.1,3
715,266,3,1.99,2.09,0.1,0.0,0,0,0.000162,2.09,1.89,0.8700000000000001,0,0.0,0.050251,0.1,3
716,267,3,1.99,2.09,0.1,0.0,0,0,0.00013,2.09,1.89,0.8700000000000001,0,0.0,0.050251,0.1,3
717,267,3,1.99,2.09,0.1,0.0,0,0,0.000104,2.09,1.89,0.8700000000000001,0,0.0,0.050251,0.1,3
718,268,3,1.99,2.09,0.1,0.0,0,0,8.3e-05,2.09,1.89,0.8700000000000001,0,0.0,0.050251,0.1,3
719,269,3,1.99,2.09,0.1,0.0,0,0,6.6e-05,2.09,1.89,0.8700000000000001,0,0.0,0.050251,0.1,3
720,269,3,1.99,2.09,0.1,0.0,0,0,5.3e-05,2.09,1.89,0.8700000000000001,0,0.0,0.050251,0.1,3
721,270,3,1.99,2.09,0.1,0.0,0,0,4.3e-05,2.09,1.89,0.8700000000000001,0,0.0,0.050251,0.1,3
722,271,3,1.99,2.09,0.1,0.4,1,0,3.4e-05,1.69,1.89,0.47000000000000003,0,0.191388,0.050251,0.1,3
723,272,3,1.99,2.09,0.0,0.4,0,0,2.7e-05,1.69,1.99,0.37000000000000005,0,0.191388,0.0,0.1,3
724,273,3,1.99,2.09,0.0,0.4,0,0,2.2e-05,1.69,1.99,0.37000000000000005,0,0.191388,0.0,0.1,3
725,274,3,1.99,2.09,0.0,0.4,0,0,1.7e-05,1.69,1.99,0.37000000000000005,0,0.191388,0.0,0.1,3
726,275,3,2.09,2.09,0.0,0.4,0,0,1.4e-05,1.69,2.09,0.27,0,0.191388,0.0,0.0,3
727,276,3,2.09,2.09,0.2,0.4,0,0,1.1e-05,1.69,1.89,0.47000000000000003,0,0.191388,0.095694,0.0,3
728,269,7,1.86,2.13,0.27,0.0,1,0,0.5,2.13,1.59,1.21,1,0.0,0.1451609999999999,0.27,0
729,270,7,1.86,2.13,0.27,0.0,1,0,0.6,2.13,1.59,1.21,1,0.0,0.1451609999999999,0.27,0
730,275,1,1.96,2.13,0.0,0.74,0,1,0.68,1.39,1.96,0.10000000000000009,0,0.347418,0.0,0.17,1
731,274,4,1.99,2.09,0.0,0.4,0,0,0.5,1.69,1.99,0.37000000000000005,0,0.191388,0.0,0.1,4
732,275,4,2.09,2.09,0.0,0.4,0,0,0.4,1.69,2.09,0.27,0,0.191388,0.0,0.0,4
733,276,4,2.09,2.09,0.2,0.4,0,0,0.32,1.69,1.89,0.47000000000000003,0,0.191388,0.095694,0.0,4
734,230,1,1.69,1.69,0.0,0.2,0,0,0.3072,1.49,1.69,0.47000000000000003,0,0.118343,0.0,0.0,1
735,242,1,1.86,1.99,0.0,0.3,0,1,0.2457599999999999,1.69,1.86,0.5,0,0.150754,0.0,0.13,1
736,250,7,1.86,2.09,0.0,0.0,0,0,0.196608,2.09,1.86,0.9,1,0.0,0.0,0.23,0
737,229,3,1.79,1.79,0.0,0.0,0,0,0.48,1.79,1.79,0.67,0,0.0,0.0,0.0,3
738,246,3,1.99,2.23,0.0,0.0,0,0,0.384,2.23,1.99,0.91,0,0.0,0.0,0.24,3
739,252,3,1.99,2.23,0.0,0.0,0,0,0.3072,2.23,1.99,0.91,0,0.0,0.0,0.24,3
740,253,3,1.99,2.23,0.0,0.0,0,0,0.2457599999999999,2.23,1.99,0.91,0,0.0,0.0,0.24,3
741,256,3,1.99,2.29,0.0,0.0,0,0,0.396608,2.29,1.99,0.97,0,0.0,0.0,0.3,3
742,259,3,1.99,2.29,0.0,0.0,0,0,0.5172859999999999,2.29,1.99,0.97,0,0.0,0.0,0.3,3
743,259,3,1.99,2.29,0.0,0.0,0,0,0.613829,2.29,1.99,0.97,0,0.0,0.0,0.3,3
744,271,3,1.99,2.09,0.1,0.4,1,0,0.691063,1.69,1.89,0.47000000000000003,0,0.191388,0.050251,0.1,3
745,275,3,2.09,2.09,0.0,0.4,0,0,0.752851,1.69,2.09,0.27,0,0.191388,0.0,0.0,3
746,233,7,1.75,1.99,0.0,0.4,1,0,0.5,1.59,1.75,0.51,1,0.201005,0.0,0.24,0
747,262,1,1.76,1.99,0.0,0.4,0,1,0.6,1.59,1.76,0.5,0,0.201005,0.0,0.23,1
748,234,3,1.79,2.09,0.0,0.0,0,0,0.256,2.09,1.79,0.97,0,0.0,0.0,0.3,3
749,238,7,1.75,1.99,0.0,0.4,0,0,0.2048,1.59,1.75,0.51,1,0.201005,0.0,0.24,0
750,228,2,1.69,1.69,0.0,0.0,0,0,0.6,1.69,1.69,0.67,0,0.0,0.0,0.0,2
751,229,7,1.69,1.69,0.0,0.2,0,1,0.68,1.49,1.69,0.47000000000000003,1,0.118343,0.0,0.0,0
752,232,4,1.79,2.09,0.0,0.0,0,0,0.4,2.09,1.79,0.97,0,0.0,0.0,0.3,4
753,232,1,1.69,1.99,0.0,0.0,1,0,0.52,1.99,1.69,0.97,0,0.0,0.0,0.3,1
754,266,1,1.86,1.99,0.0,0.1,0,0,0.416,1.89,1.86,0.7000000000000001,0,0.050251,0.0,0.13,1
755,241,1,1.86,1.99,0.0,0.3,0,1,0.3648,1.69,1.86,0.5,0,0.150754,0.0,0.13,1
756,248,2,1.89,2.09,0.0,0.0,0,0,0.29184,2.09,1.89,0.8700000000000001,0,0.0,0.0,0.2,2
757,273,1,1.86,2.18,0.0,0.0,0,0,0.433472,2.18,1.86,0.99,0,0.0,0.0,0.32,1
758,256,2,1.89,2.18,0.13,0.0,0,0,0.5,2.18,1.76,1.09,0,0.0,0.068783,0.29,2
759,259,2,1.86,2.18,0.0,0.4,0,1,0.4,1.78,1.86,0.5900000000000001,0,0.1834859999999999,0.0,0.32,2
760,237,2,1.75,1.99,0.0,0.0,0,0,0.5648,1.99,1.75,0.91,0,0.0,0.0,0.24,2
761,242,3,1.99,2.23,0.0,0.0,0,0,0.4518399999999999,2.23,1.99,0.91,0,0.0,0.0,0.24,3
762,278,3,2.09,2.09,0.2,0.0,0,0,0.561472,2.09,1.89,0.8700000000000001,0,0.0,0.095694,0.0,3
763,250,2,1.89,2.09,0.0,0.0,0,0,0.6,2.09,1.89,0.8700000000000001,0,0.0,0.0,0.2,2
764,253,2,1.89,2.09,0.13,0.0,0,0,0.68,2.09,1.76,1.0,0,0.0,0.068783,0.2,2
765,256,2,1.89,2.18,0.13,0.0,0,0,0.7440000000000001,2.18,1.76,1.09,0,0.0,0.068783,0.29,2
766,260,2,1.86,2.18,0.0,0.7,0,0,0.7952,1.48,1.86,0.29000000000000004,0,0.321101,0.0,0.32,2
767,261,2,1.86,2.18,0.0,0.0,0,0,0.83616,2.18,1.86,0.99,0,0.0,0.0,0.32,2
768,263,7,1.86,2.13,0.27,0.0,0,0,0.868928,2.13,1.59,1.21,1,0.0,0.1451609999999999,0.27,0
769,278,7,2.06,2.13,0.0,0.0,0,0,0.6,2.13,2.06,0.74,1,0.0,0.0,0.07,0
770,228,2,1.69,1.69,0.0,0.0,0,0,0.5,1.69,1.69,0.67,0,0.0,0.0,0.0,2
771,229,2,1.69,1.69,0.0,0.0,0,0,0.4,1.69,1.69,0.67,0,0.0,0.0,0.0,2
772,235,2,1.69,1.99,0.0,0.0,0,0,0.32,1.99,1.69,0.97,0,0.0,0.0,0.3,2
773,244,2,1.86,2.09,0.0,0.0,0,0,0.256,2.09,1.86,0.9,0,0.0,0.0,0.23,2
774,245,2,1.89,2.09,0.0,0.0,0,0,0.2048,2.09,1.89,0.8700000000000001,0,0.0,0.0,0.2,2
775,248,2,1.89,2.09,0.0,0.0,0,0,0.16384,2.09,1.89,0.8700000000000001,0,0.0,0.0,0.2,2
776,232,7,1.69,1.99,0.0,0.4,1,1,0.6,1.59,1.69,0.5700000000000001,1,0.201005,0.0,0.3,0
777,267,2,1.86,2.18,0.0,0.4,0,1,0.68,1.78,1.86,0.5900000000000001,0,0.1834859999999999,0.0,0.32,2
778,260,1,1.76,1.99,0.0,0.2,0,0,0.6,1.79,1.76,0.7000000000000001,0,0.100503,0.0,0.23,1
779,276,2,1.99,2.18,0.0,0.0,0,1,0.5,2.18,1.99,0.8600000000000001,0,0.0,0.0,0.19,2
780,278,2,1.99,2.18,0.0,0.0,0,0,0.6,2.18,1.99,0.8600000000000001,0,0.0,0.0,0.19,2
781,232,1,1.69,1.99,0.0,0.0,1,0,0.586313,1.99,1.69,0.97,0,0.0,0.0,0.3,1
782,247,1,1.86,2.09,0.0,0.0,0,0,0.66905,2.09,1.86,0.9,0,0.0,0.0,0.23,1
783,250,1,1.86,2.09,0.0,0.0,0,0,0.73524,2.09,1.86,0.9,0,0.0,0.0,0.23,1
784,230,3,1.79,1.79,0.0,0.0,0,0,0.131072,1.79,1.79,0.67,0,0.0,0.0,0.0,3
785,232,3,1.79,2.09,0.0,0.0,0,0,0.1048579999999999,2.09,1.79,0.97,0,0.0,0.0,0.3,3
786,233,3,1.79,2.09,0.0,0.0,0,0,0.083886,2.09,1.79,0.97,0,0.0,0.0,0.3,3
787,234,3,1.79,2.09,0.0,0.0,0,0,0.067109,2.09,1.79,0.97,0,0.0,0.0,0.3,3
788,273,3,1.99,2.09,0.0,0.4,0,0,0.053687,1.69,1.99,0.37000000000000005,0,0.191388,0.0,0.1,3
789,274,7,1.86,2.13,0.47,0.54,1,0,0.5,1.59,1.39,0.8700000000000001,1,0.253521,0.252688,0.27,0
790,275,2,1.96,2.18,0.0,0.8,0,1,0.6,1.38,1.96,0.09000000000000008,0,0.3669719999999999,0.0,0.22,2
791,241,3,1.79,2.23,0.0,0.0,0,0,0.5,2.23,1.79,1.11,0,0.0,0.0,0.44,3
792,259,2,1.86,2.18,0.0,0.4,0,1,0.4,1.78,1.86,0.5900000000000001,0,0.1834859999999999,0.0,0.32,2
793,237,1,1.75,1.99,0.0,0.0,0,0,0.1048579999999999,1.99,1.75,0.91,0,0.0,0.0,0.24,1
794,257,1,1.76,2.18,0.0,0.0,0,0,0.083886,2.18,1.76,1.09,0,0.0,0.0,0.42,1
795,259,1,1.76,1.99,0.0,0.2,0,1,0.067109,1.79,1.76,0.7000000000000001,0,0.100503,0.0,0.23,1
796,262,1,1.76,1.99,0.0,0.4,0,1,0.053687,1.59,1.76,0.5,0,0.201005,0.0,0.23,1
797,263,1,1.76,1.99,0.0,0.4,0,1,0.04295,1.59,1.76,0.5,0,0.201005,0.0,0.23,1
798,274,1,1.96,2.13,0.0,0.74,0,1,0.03436,1.39,1.96,0.10000000000000009,0,0.347418,0.0,0.17,1
799,244,7,1.86,2.09,0.0,0.2,0,0,0.52,1.89,1.86,0.7000000000000001,1,0.095694,0.0,0.23,0
800,276,7,1.99,2.13,0.0,0.54,0,1,0.416,1.59,1.99,0.27,1,0.253521,0.0,0.14,0
801,277,7,1.99,2.13,0.5,0.0,0,1,0.3328,2.13,1.49,1.31,1,0.0,0.251256,0.14,0
802,237,3,1.79,2.09,0.0,0.0,0,0,0.5,2.09,1.79,0.97,0,0.0,0.0,0.3,3
803,241,3,1.79,2.23,0.0,0.0,0,0,0.6,2.23,1.79,1.11,0,0.0,0.0,0.44,3
804,256,7,1.86,2.18,0.0,0.0,0,0,0.5,2.18,1.86,0.99,1,0.0,0.0,0.32,0
805,258,1,1.76,2.18,0.0,0.0,0,0,0.6,2.18,1.76,1.09,0,0.0,0.0,0.42,1
806,259,7,1.86,2.18,0.0,0.0,0,0,0.68,2.18,1.86,0.99,1,0.0,0.0,0.32,0
807,259,7,1.86,2.18,0.0,0.0,0,0,0.7440000000000001,2.18,1.86,0.99,1,0.0,0.0,0.32,0
808,262,7,1.86,2.13,0.0,0.0,0,0,0.7952,2.13,1.86,0.9400000000000001,1,0.0,0.0,0.27,0
809,264,7,1.86,2.13,0.37,0.0,1,0,0.83616,2.13,1.49,1.31,1,0.0,0.198925,0.27,0
810,265,7,1.86,2.13,0.37,0.0,1,0,0.868928,2.13,1.49,1.31,1,0.0,0.198925,0.27,0
811,265,7,1.86,2.13,0.37,0.0,1,0,0.895142,2.13,1.49,1.31,1,0.0,0.198925,0.27,0
812,266,7,1.86,2.13,0.37,0.0,1,0,0.916114,2.13,1.49,1.31,1,0.0,0.198925,0.27,0
813,267,7,1.86,2.13,0.0,0.0,1,0,0.932891,2.13,1.86,0.9400000000000001,1,0.0,0.0,0.27,0
814,268,7,1.86,2.13,0.0,0.0,0,0,0.946313,2.13,1.86,0.9400000000000001,1,0.0,0.0,0.27,0
815,269,7,1.86,2.13,0.27,0.0,1,0,0.95705,2.13,1.59,1.21,1,0.0,0.1451609999999999,0.27,0
816,269,1,1.86,2.18,0.0,0.0,0,0,0.96564,2.18,1.86,0.99,0,0.0,0.0,0.32,1
817,270,7,1.86,2.13,0.27,0.0,1,0,0.972512,2.13,1.59,1.21,1,0.0,0.1451609999999999,0.27,0
818,271,7,1.86,2.13,0.0,0.0,0,0,0.97801,2.13,1.86,0.9400000000000001,1,0.0,0.0,0.27,0
819,273,7,1.86,2.13,0.0,0.54,0,0,0.982408,1.59,1.86,0.4,1,0.253521,0.0,0.27,0
820,274,7,1.86,2.13,0.47,0.54,1,0,0.985926,1.59,1.39,0.8700000000000001,1,0.253521,0.252688,0.27,0
821,277,7,1.99,2.13,0.5,0.0,0,1,0.988741,2.13,1.49,1.31,1,0.0,0.251256,0.14,0
822,228,4,1.79,1.79,0.0,0.0,0,0,0.740314,1.79,1.79,0.67,0,0.0,0.0,0.0,4
823,229,4,1.79,1.79,0.0,0.0,0,0,0.792251,1.79,1.79,0.67,0,0.0,0.0,0.0,4
824,231,4,1.79,1.79,0.0,0.0,0,0,0.833801,1.79,1.79,0.67,0,0.0,0.0,0.0,4
825,232,4,1.79,2.09,0.0,0.0,0,0,0.867041,2.09,1.79,0.97,0,0.0,0.0,0.3,4
826,240,4,1.79,2.23,0.0,0.0,0,0,0.893632,2.23,1.79,1.11,0,0.0,0.0,0.44,4
827,244,4,1.99,2.23,0.0,0.0,0,0,0.914906,2.23,1.99,0.91,0,0.0,0.0,0.24,4
828,248,1,1.86,2.09,0.0,0.0,0,0,0.931925,2.09,1.86,0.9,0,0.0,0.0,0.23,1
829,251,4,1.99,2.23,0.0,0.0,0,0,0.94554,2.23,1.99,0.91,0,0.0,0.0,0.24,4
830,270,4,1.99,2.09,0.1,0.0,0,0,0.956432,2.09,1.89,0.8700000000000001,0,0.0,0.050251,0.1,4
831,274,4,1.99,2.09,0.0,0.4,0,0,0.965145,1.69,1.99,0.37000000000000005,0,0.191388,0.0,0.1,4
832,228,2,1.69,1.69,0.0,0.0,0,0,0.32,1.69,1.69,0.67,0,0.0,0.0,0.0,2
833,237,3,1.79,2.09,0.0,0.0,0,0,0.256,2.09,1.79,0.97,0,0.0,0.0,0.3,3
834,241,3,1.79,2.23,0.0,0.0,0,0,0.2048,2.23,1.79,1.11,0,0.0,0.0,0.44,3
835,252,3,1.99,2.23,0.0,0.0,0,0,0.16384,2.23,1.99,0.91,0,0.0,0.0,0.24,3
836,231,4,1.79,1.79,0.0,0.0,0,0,0.6,1.79,1.79,0.67,0,0.0,0.0,0.0,4
837,251,4,1.99,2.23,0.0,0.0,0,0,0.48,2.23,1.99,0.91,0,0.0,0.0,0.24,4
838,243,1,1.86,1.99,0.0,0.8,0,1,0.32,1.19,1.86,0.0,0,0.40201,0.0,0.13,1
839,262,2,1.86,2.18,0.0,0.6,0,1,0.256,1.58,1.86,0.39,0,0.275229,0.0,0.32,2
840,268,1,1.86,1.99,0.0,0.2,0,1,0.2048,1.79,1.86,0.6000000000000001,0,0.100503,0.0,0.13,1
841,268,2,1.86,2.18,0.0,0.0,0,1,0.16384,2.18,1.86,0.99,0,0.0,0.0,0.32,2
842,270,2,1.86,2.18,0.0,0.0,0,0,0.331072,2.18,1.86,0.99,0,0.0,0.0,0.32,2
843,273,2,1.86,2.18,0.0,0.06,0,0,0.264858,2.12,1.86,0.93,0,0.027523,0.0,0.32,2
844,274,7,1.86,2.13,0.47,0.54,1,0,0.411886,1.59,1.39,0.8700000000000001,1,0.253521,0.252688,0.27,0
845,274,2,1.96,2.18,0.0,0.8,0,1,0.329509,1.38,1.96,0.09000000000000008,0,0.3669719999999999,0.0,0.22,2
846,274,2,1.96,2.18,0.0,0.8,0,1,0.263607,1.38,1.96,0.09000000000000008,0,0.3669719999999999,0.0,0.22,2
847,275,2,1.96,2.18,0.0,0.8,0,1,0.210886,1.38,1.96,0.09000000000000008,0,0.3669719999999999,0.0,0.22,2
848,275,2,1.96,2.18,0.0,0.8,0,1,0.168709,1.38,1.96,0.09000000000000008,0,0.3669719999999999,0.0,0.22,2
849,234,7,1.75,1.99,0.0,0.4,1,0,0.5,1.59,1.75,0.51,1,0.201005,0.0,0.24,0
850,269,7,1.86,2.13,0.27,0.0,1,0,0.4,2.13,1.59,1.21,1,0.0,0.1451609999999999,0.27,0
851,232,1,1.69,1.99,0.0,0.0,1,0,0.7952,1.99,1.69,0.97,0,0.0,0.0,0.3,1
852,232,1,1.69,1.99,0.0,0.0,1,0,0.83616,1.99,1.69,0.97,0,0.0,0.0,0.3,1
853,234,1,1.69,1.99,0.0,0.0,0,0,0.868928,1.99,1.69,0.97,0,0.0,0.0,0.3,1
854,237,1,1.75,1.99,0.0,0.0,0,0,0.895142,1.99,1.75,0.91,0,0.0,0.0,0.24,1
855,240,7,1.86,2.09,0.0,0.0,0,0,0.916114,2.09,1.86,0.9,1,0.0,0.0,0.23,0
856,242,1,1.86,1.99,0.0,0.3,0,1,0.932891,1.69,1.86,0.5,0,0.150754,0.0,0.13,1
857,246,1,1.86,2.09,0.0,0.0,0,0,0.946313,2.09,1.86,0.9,0,0.0,0.0,0.23,1
858,251,7,1.86,2.09,0.1,0.0,0,0,0.95705,2.09,1.76,1.0,1,0.0,0.053763,0.23,0
859,253,7,1.86,2.09,0.1,0.0,0,0,0.96564,2.09,1.76,1.0,1,0.0,0.053763,0.23,0
860,259,1,1.76,1.99,0.0,0.2,0,1,0.972512,1.79,1.76,0.7000000000000001,0,0.100503,0.0,0.23,1
861,274,7,1.86,2.13,0.47,0.54,1,0,0.97801,1.59,1.39,0.8700000000000001,1,0.253521,0.252688,0.27,0
862,234,7,1.75,1.99,0.0,0.4,1,0,0.5,1.59,1.75,0.51,1,0.201005,0.0,0.24,0
863,256,7,1.86,2.18,0.0,0.0,0,0,0.4,2.18,1.86,0.99,1,0.0,0.0,0.32,0
864,228,7,1.69,1.69,0.0,0.0,0,0,0.351365,1.69,1.69,0.67,1,0.0,0.0,0.0,0
865,231,7,1.69,1.99,0.0,0.0,0,0,0.481092,1.99,1.69,0.97,1,0.0,0.0,0.3,0
866,233,7,1.75,1.99,0.0,0.4,1,0,0.384874,1.59,1.75,0.51,1,0.201005,0.0,0.24,0
867,236,7,1.75,1.99,0.0,0.4,0,0,0.507899,1.59,1.75,0.51,1,0.201005,0.0,0.24,0
868,260,4,1.99,2.09,0.0,0.0,0,0,0.6063189999999999,2.09,1.99,0.77,0,0.0,0.0,0.1,4
869,268,7,1.86,2.13,0.0,0.0,0,0,0.485055,2.13,1.86,0.9400000000000001,1,0.0,0.0,0.27,0
870,269,7,1.86,2.13,0.27,0.0,1,0,0.588044,2.13,1.59,1.21,1,0.0,0.1451609999999999,0.27,0
871,274,7,1.86,2.13,0.47,0.54,1,0,0.670435,1.59,1.39,0.8700000000000001,1,0.253521,0.252688,0.27,0
872,275,7,1.99,2.13,0.0,0.54,1,0,0.736348,1.59,1.99,0.27,1,0.253521,0.0,0.14,0
873,276,7,1.99,2.13,0.0,0.54,0,1,0.589079,1.59,1.99,0.27,1,0.253521,0.0,0.14,0
874,248,4,1.99,2.23,0.0,0.0,0,0,0.5,2.23,1.99,0.91,0,0.0,0.0,0.24,4
875,251,4,1.99,2.23,0.0,0.0,0,0,0.6,2.23,1.99,0.91,0,0.0,0.0,0.24,4
876,254,4,1.99,2.29,0.0,0.0,1,0,0.68,2.29,1.99,0.97,0,0.0,0.0,0.3,4
877,256,4,1.99,2.29,0.0,0.0,0,0,0.7440000000000001,2.29,1.99,0.97,0,0.0,0.0,0.3,4
878,258,4,1.99,2.29,0.0,0.0,0,0,0.7952,2.29,1.99,0.97,0,0.0,0.0,0.3,4
879,260,4,1.99,2.09,0.0,0.0,0,0,0.6361600000000001,2.09,1.99,0.77,0,0.0,0.0,0.1,4
880,262,4,1.99,2.09,0.0,0.0,0,0,0.708928,2.09,1.99,0.77,0,0.0,0.0,0.1,4
881,264,4,1.99,2.09,0.1,0.0,0,0,0.767142,2.09,1.89,0.8700000000000001,0,0.0,0.050251,0.1,4
882,267,4,1.99,2.09,0.1,0.0,0,0,0.813714,2.09,1.89,0.8700000000000001,0,0.0,0.050251,0.1,4
883,277,4,2.09,2.09,0.2,0.4,0,0,0.8509709999999999,1.69,1.89,0.47000000000000003,0,0.191388,0.095694,0.0,4
884,236,7,1.75,1.99,0.0,0.4,0,0,0.4,1.59,1.75,0.51,1,0.201005,0.0,0.24,0
885,233,7,1.75,1.99,0.0,0.4,1,0,0.6,1.59,1.75,0.51,1,0.201005,0.0,0.24,0
886,262,1,1.76,1.99,0.0,0.4,0,1,0.68,1.59,1.76,0.5,0,0.201005,0.0,0.23,1
887,265,7,1.86,2.13,0.37,0.0,1,0,0.544,2.13,1.49,1.31,1,0.0,0.198925,0.27,0
888,269,7,1.86,2.13,0.27,0.0,1,0,0.6352,2.13,1.59,1.21,1,0.0,0.1451609999999999,0.27,0
889,273,1,1.86,2.18,0.0,0.0,0,0,0.70816,2.18,1.86,0.99,0,0.0,0.0,0.32,1
890,274,7,1.86,2.13,0.47,0.54,1,0,0.766528,1.59,1.39,0.8700000000000001,1,0.253521,0.252688,0.27,0
891,252,7,1.86,2.09,0.1,0.0,0,0,0.5,2.09,1.76,1.0,1,0.0,0.053763,0.23,0
892,253,7,1.86,2.09,0.1,0.0,0,0,0.6,2.09,1.76,1.0,1,0.0,0.053763,0.23,0
893,254,7,1.86,2.18,0.0,0.0,0,0,0.68,2.18,1.86,0.99,1,0.0,0.0,0.32,0
894,256,7,1.86,2.18,0.0,0.0,0,0,0.7440000000000001,2.18,1.86,0.99,1,0.0,0.0,0.32,0
895,257,7,1.86,2.18,0.0,0.0,0,0,0.7952,2.18,1.86,0.99,1,0.0,0.0,0.32,0
896,258,7,1.86,2.18,0.0,0.0,0,0,0.83616,2.18,1.86,0.99,1,0.0,0.0,0.32,0
897,259,7,1.86,2.18,0.0,0.0,0,0,0.868928,2.18,1.86,0.99,1,0.0,0.0,0.32,0
898,260,7,1.86,2.13,0.0,0.24,0,0,0.895142,1.89,1.86,0.7000000000000001,1,0.112676,0.0,0.27,0
899,262,7,1.86,2.13,0.0,0.0,0,0,0.916114,2.13,1.86,0.9400000000000001,1,0.0,0.0,0.27,0
900,265,7,1.86,2.13,0.37,0.0,1,0,0.932891,2.13,1.49,1.31,1,0.0,0.198925,0.27,0
901,266,7,1.86,2.13,0.37,0.0,1,0,0.946313,2.13,1.49,1.31,1,0.0,0.198925,0.27,0
902,269,7,1.86,2.13,0.27,0.0,1,0,0.95705,2.13,1.59,1.21,1,0.0,0.1451609999999999,0.27,0
903,274,7,1.86,2.13,0.47,0.54,1,0,0.96564,1.59,1.39,0.8700000000000001,1,0.253521,0.252688,0.27,0
904,275,7,1.99,2.13,0.0,0.54,1,0,0.972512,1.59,1.99,0.27,1,0.253521,0.0,0.14,0
905,277,7,1.99,2.13,0.5,0.0,0,1,0.7780100000000001,2.13,1.49,1.31,1,0.0,0.251256,0.14,0
906,231,7,1.69,1.99,0.0,0.0,0,0,0.256,1.99,1.69,0.97,1,0.0,0.0,0.3,0
907,233,7,1.75,1.99,0.0,0.4,1,0,0.2048,1.59,1.75,0.51,1,0.201005,0.0,0.24,0
908,238,1,1.75,1.99,0.0,0.0,0,0,0.16384,1.99,1.75,0.91,0,0.0,0.0,0.24,1
909,247,1,1.86,2.09,0.0,0.0,0,0,0.331072,2.09,1.86,0.9,0,0.0,0.0,0.23,1
910,273,1,1.86,2.18,0.0,0.0,0,0,0.464858,2.18,1.86,0.99,0,0.0,0.0,0.32,1
911,275,1,1.96,2.13,0.0,0.74,0,1,0.571886,1.39,1.96,0.10000000000000009,0,0.347418,0.0,0.17,1
912,276,2,1.99,2.18,0.0,0.0,0,1,0.32,2.18,1.99,0.8600000000000001,0,0.0,0.0,0.19,2
913,236,2,1.75,1.99,0.0,0.0,0,0,0.5,1.99,1.75,0.91,0,0.0,0.0,0.24,2
914,273,2,1.86,2.18,0.0,0.06,0,0,0.6,2.12,1.86,0.93,0,0.027523,0.0,0.32,2
915,247,2,1.89,2.09,0.0,0.0,0,0,0.68,2.09,1.89,0.8700000000000001,0,0.0,0.0,0.2,2
916,246,2,1.89,2.09,0.0,0.0,0,0,0.5,2.09,1.89,0.8700000000000001,0,0.0,0.0,0.2,2
917,246,2,1.89,2.09,0.0,0.0,0,0,0.4,2.09,1.89,0.8700000000000001,0,0.0,0.0,0.2,2
918,266,3,1.99,2.09,0.1,0.0,0,0,0.52,2.09,1.89,0.8700000000000001,0,0.0,0.050251,0.1,3
919,277,1,1.99,2.13,0.24,0.0,0,0,0.416,2.13,1.75,1.05,0,0.0,0.120603,0.14,1
920,268,2,1.86,2.18,0.0,0.0,0,1,0.4,2.18,1.86,0.99,0,0.0,0.0,0.32,2
921,269,7,1.86,2.13,0.27,0.0,1,0,0.52,2.13,1.59,1.21,1,0.0,0.1451609999999999,0.27,0
922,269,2,1.86,2.18,0.0,0.0,0,0,0.616,2.18,1.86,0.99,0,0.0,0.0,0.32,2
923,272,2,1.86,2.18,0.0,0.06,0,0,0.6928,2.12,1.86,0.93,0,0.027523,0.0,0.32,2
924,275,7,1.99,2.13,0.0,0.54,1,0,0.55424,1.59,1.99,0.27,1,0.253521,0.0,0.14,0
925,276,7,1.99,2.13,0.0,0.54,0,1,0.443392,1.59,1.99,0.27,1,0.253521,0.0,0.14,0
926,231,3,1.79,1.79,0.0,0.0,0,0,0.4,1.79,1.79,0.67,0,0.0,0.0,0.0,3
927,231,3,1.79,1.79,0.0,0.0,0,0,0.32,1.79,1.79,0.67,0,0.0,0.0,0.0,3
928,231,3,1.79,1.79,0.0,0.0,0,0,0.256,1.79,1.79,0.67,0,0.0,0.0,0.0,3
929,234,3,1.79,2.09,0.0,0.0,0,0,0.2048,2.09,1.79,0.97,0,0.0,0.0,0.3,3
930,236,3,1.79,2.09,0.0,0.0,0,0,0.16384,2.09,1.79,0.97,0,0.0,0.0,0.3,3
931,242,3,1.99,2.23,0.0,0.0,0,0,0.131072,2.23,1.99,0.91,0,0.0,0.0,0.24,3
932,227,4,1.79,1.79,0.0,0.0,0,1,0.5,1.79,1.79,0.67,0,0.0,0.0,0.0,4
933,251,4,1.99,2.23,0.0,0.0,0,0,0.6,2.23,1.99,0.91,0,0.0,0.0,0.24,4
934,272,3,1.99,2.09,0.0,0.4,0,0,0.6,1.69,1.99,0.37000000000000005,0,0.191388,0.0,0.1,3
935,227,2,1.69,1.69,0.0,0.0,0,0,0.211886,1.69,1.69,0.67,0,0.0,0.0,0.0,2
936,229,2,1.69,1.69,0.0,0.0,0,0,0.169509,1.69,1.69,0.67,0,0.0,0.0,0.0,2
937,231,2,1.69,1.69,0.3,0.0,1,0,0.135607,1.69,1.39,0.97,0,0.0,0.177515,0.0,2
938,233,2,1.69,1.69,0.0,0.0,0,0,0.1084859999999999,1.69,1.69,0.67,0,0.0,0.0,0.0,2
939,237,2,1.75,1.99,0.0,0.0,0,0,0.086789,1.99,1.75,0.91,0,0.0,0.0,0.24,2
940,249,2,1.89,2.09,0.0,0.0,0,0,0.0694309999999999,2.09,1.89,0.8700000000000001,0,0.0,0.0,0.2,2
941,250,2,1.89,2.09,0.0,0.0,0,0,0.055545,2.09,1.89,0.8700000000000001,0,0.0,0.0,0.2,2
942,251,2,1.89,2.09,0.13,0.0,0,0,0.044436,2.09,1.76,1.0,0,0.0,0.068783,0.2,2
943,255,2,1.89,2.18,0.13,0.0,0,0,0.035549,2.18,1.76,1.09,0,0.0,0.068783,0.29,2
944,256,3,1.99,2.29,0.0,0.0,0,0,0.028439,2.29,1.99,0.97,0,0.0,0.0,0.3,3
945,256,2,1.89,2.18,0.13,0.0,0,0,0.022751,2.18,1.76,1.09,0,0.0,0.068783,0.29,2
946,258,2,1.86,2.18,0.0,0.0,0,0,0.018201,2.18,1.86,0.99,0,0.0,0.0,0.32,2
947,259,7,1.86,2.18,0.0,0.0,0,0,0.014561,2.18,1.86,0.99,1,0.0,0.0,0.32,0
948,260,3,1.99,2.09,0.0,0.0,0,0,0.011649,2.09,1.99,0.77,0,0.0,0.0,0.1,3
949,262,2,1.86,2.18,0.0,0.6,0,1,0.009319,1.58,1.86,0.39,0,0.275229,0.0,0.32,2
950,263,2,1.86,2.18,0.0,0.0,0,1,0.007455,2.18,1.86,0.99,0,0.0,0.0,0.32,2
951,265,2,1.86,2.18,0.0,0.0,0,0,0.005964,2.18,1.86,0.99,0,0.0,0.0,0.32,2
952,266,2,1.86,2.18,0.0,0.0,0,0,0.004771,2.18,1.86,0.99,0,0.0,0.0,0.32,2
953,267,2,1.86,2.18,0.0,0.4,0,1,0.003817,1.78,1.86,0.5900000000000001,0,0.1834859999999999,0.0,0.32,2
954,268,3,1.99,2.09,0.1,0.0,0,0,0.003054,2.09,1.89,0.8700000000000001,0,0.0,0.050251,0.1,3
955,269,2,1.86,2.18,0.0,0.0,0,0,0.002443,2.18,1.86,0.99,0,0.0,0.0,0.32,2
956,270,2,1.86,2.18,0.0,0.0,0,0,0.201954,2.18,1.86,0.99,0,0.0,0.0,0.32,2
957,271,3,1.99,2.09,0.1,0.4,1,0,0.361563,1.69,1.89,0.47000000000000003,0,0.191388,0.050251,0.1,3
958,273,3,1.99,2.09,0.0,0.4,0,0,0.289251,1.69,1.99,0.37000000000000005,0,0.191388,0.0,0.1,3
959,275,2,1.96,2.18,0.0,0.8,0,1,0.231401,1.38,1.96,0.09000000000000008,0,0.3669719999999999,0.0,0.22,2
960,276,2,1.99,2.18,0.0,0.0,0,1,0.18512,2.18,1.99,0.8600000000000001,0,0.0,0.0,0.19,2
961,277,2,1.99,2.18,0.0,0.0,0,0,0.148096,2.18,1.99,0.8600000000000001,0,0.0,0.0,0.19,2
962,232,1,1.69,1.99,0.0,0.0,1,0,0.48,1.99,1.69,0.97,0,0.0,0.0,0.3,1
963,227,1,1.69,1.69,0.0,0.0,0,0,0.6,1.69,1.69,0.67,0,0.0,0.0,0.0,1
964,229,1,1.69,1.69,0.0,0.0,0,0,0.68,1.69,1.69,0.67,0,0.0,0.0,0.0,1
965,230,1,1.69,1.69,0.0,0.2,0,0,0.544,1.49,1.69,0.47000000000000003,0,0.118343,0.0,0.0,1
966,233,1,1.69,1.99,0.0,0.0,0,0,0.4352,1.99,1.69,0.97,0,0.0,0.0,0.3,1
967,236,1,1.75,1.99,0.0,0.0,0,0,0.5481600000000001,1.99,1.75,0.91,0,0.0,0.0,0.24,1
968,237,1,1.75,1.99,0.0,0.0,0,0,0.438528,1.99,1.75,0.91,0,0.0,0.0,0.24,1
969,238,1,1.75,1.99,0.0,0.0,0,0,0.3508219999999999,1.99,1.75,0.91,0,0.0,0.0,0.24,1
970,239,1,1.75,1.99,0.0,0.3,0,1,0.280658,1.69,1.75,0.6100000000000001,0,0.150754,0.0,0.24,1
971,240,1,1.75,1.99,0.0,0.3,0,1,0.224526,1.69,1.75,0.6100000000000001,0,0.150754,0.0,0.24,1
972,241,1,1.86,1.99,0.0,0.3,0,1,0.179621,1.69,1.86,0.5,0,0.150754,0.0,0.13,1
973,242,1,1.86,1.99,0.0,0.3,0,1,0.143697,1.69,1.86,0.5,0,0.150754,0.0,0.13,1
974,243,1,1.86,1.99,0.0,0.8,0,1,0.314957,1.19,1.86,0.0,0,0.40201,0.0,0.13,1
975,244,1,1.86,2.09,0.0,0.0,0,0,0.2519659999999999,2.09,1.86,0.9,0,0.0,0.0,0.23,1
976,246,1,1.86,2.09,0.0,0.0,0,0,0.201573,2.09,1.86,0.9,0,0.0,0.0,0.23,1
977,275,1,1.96,2.13,0.0,0.74,0,1,0.1612579999999999,1.39,1.96,0.10000000000000009,0,0.347418,0.0,0.17,1
978,276,1,1.99,2.13,0.0,0.0,0,1,0.1290069999999999,2.13,1.99,0.81,0,0.0,0.0,0.14,1
979,277,1,1.99,2.13,0.24,0.0,0,0,0.1032049999999999,2.13,1.75,1.05,0,0.0,0.120603,0.14,1
980,278,1,1.99,2.13,0.24,0.0,0,0,0.082564,2.13,1.75,1.05,0,0.0,0.120603,0.14,1
981,233,7,1.75,1.99,0.0,0.4,1,0,0.4,1.59,1.75,0.51,1,0.201005,0.0,0.24,0
982,254,7,1.86,2.18,0.0,0.0,0,0,0.52,2.18,1.86,0.99,1,0.0,0.0,0.32,0
983,262,1,1.76,1.99,0.0,0.4,0,1,0.616,1.59,1.76,0.5,0,0.201005,0.0,0.23,1
984,264,7,1.86,2.13,0.37,0.0,1,0,0.4928,2.13,1.49,1.31,1,0.0,0.198925,0.27,0
985,265,7,1.86,2.13,0.37,0.0,1,0,0.59424,2.13,1.49,1.31,1,0.0,0.198925,0.27,0
986,269,7,1.86,2.13,0.27,0.0,1,0,0.675392,2.13,1.59,1.21,1,0.0,0.1451609999999999,0.27,0
987,274,1,1.96,2.13,0.0,0.74,0,1,0.740314,1.39,1.96,0.10000000000000009,0,0.347418,0.0,0.17,1
988,274,7,1.86,2.13,0.47,0.54,1,0,0.592251,1.59,1.39,0.8700000000000001,1,0.253521,0.252688,0.27,0
989,269,3,1.99,2.09,0.1,0.0,0,0,0.5,2.09,1.89,0.8700000000000001,0,0.0,0.050251,0.1,3
990,271,3,1.99,2.09,0.1,0.4,1,0,0.6,1.69,1.89,0.47000000000000003,0,0.191388,0.050251,0.1,3
991,253,7,1.86,2.09,0.1,0.0,0,0,0.5,2.09,1.76,1.0,1,0.0,0.053763,0.23,0
992,275,2,1.96,2.18,0.0,0.8,0,1,0.4,1.38,1.96,0.09000000000000008,0,0.3669719999999999,0.0,0.22,2
993,229,7,1.69,1.69,0.0,0.2,0,1,0.5,1.49,1.69,0.47000000000000003,1,0.118343,0.0,0.0,0
994,239,4,1.79,2.23,0.0,0.0,0,0,0.4,2.23,1.79,1.11,0,0.0,0.0,0.44,4
995,243,4,1.99,2.23,0.0,0.0,0,0,0.32,2.23,1.99,0.91,0,0.0,0.0,0.24,4
996,258,7,1.86,2.18,0.0,0.0,0,0,0.256,2.18,1.86,0.99,1,0.0,0.0,0.32,0
997,229,7,1.69,1.69,0.0,0.2,0,1,0.6,1.49,1.69,0.47000000000000003,1,0.118343,0.0,0.0,0
998,231,7,1.69,1.99,0.0,0.0,0,0,0.68,1.99,1.69,0.97,1,0.0,0.0,0.3,0
999,254,7,1.86,2.18,0.0,0.0,0,0,0.544,2.18,1.86,0.99,1,0.0,0.0,0.32,0
1000,275,7,1.99,2.13,0.0,0.54,1,0,0.6352,1.59,1.99,0.27,1,0.253521,0.0,0.14,0
1001,228,2,1.69,1.69,0.0,0.0,0,0,0.4,1.69,1.69,0.67,0,0.0,0.0,0.0,2
1002,263,2,1.86,2.18,0.0,0.0,0,1,0.32,2.18,1.86,0.99,0,0.0,0.0,0.32,2
1003,227,3,1.79,1.79,0.0,0.0,0,1,0.16384,1.79,1.79,0.67,0,0.0,0.0,0.0,3
1004,235,3,1.79,2.09,0.0,0.0,0,0,0.131072,2.09,1.79,0.97,0,0.0,0.0,0.3,3
1005,238,3,1.79,2.09,0.0,0.0,0,0,0.1048579999999999,2.09,1.79,0.97,0,0.0,0.0,0.3,3
1006,260,3,1.99,2.09,0.0,0.0,0,0,0.083886,2.09,1.99,0.77,0,0.0,0.0,0.1,3
1007,272,3,1.99,2.09,0.0,0.4,0,0,0.067109,1.69,1.99,0.37000000000000005,0,0.191388,0.0,0.1,3
1008,272,3,1.99,2.09,0.0,0.4,0,0,0.253687,1.69,1.99,0.37000000000000005,0,0.191388,0.0,0.1,3
1009,229,7,1.69,1.69,0.0,0.2,0,1,0.4,1.49,1.69,0.47000000000000003,1,0.118343,0.0,0.0,0
1010,230,7,1.69,1.99,0.0,0.0,0,1,0.5648,1.99,1.69,0.97,1,0.0,0.0,0.3,0
1011,231,7,1.69,1.99,0.0,0.0,0,0,0.65184,1.99,1.69,0.97,1,0.0,0.0,0.3,0
1012,232,7,1.69,1.99,0.0,0.4,1,1,0.721472,1.59,1.69,0.5700000000000001,1,0.201005,0.0,0.3,0
1013,233,7,1.75,1.99,0.0,0.4,1,0,0.7771779999999999,1.59,1.75,0.51,1,0.201005,0.0,0.24,0
1014,233,7,1.75,1.99,0.0,0.4,1,0,0.821742,1.59,1.75,0.51,1,0.201005,0.0,0.24,0
1015,234,1,1.69,1.99,0.0,0.0,0,0,0.8573940000000001,1.99,1.69,0.97,0,0.0,0.0,0.3,1
1016,235,7,1.75,1.99,0.0,0.4,0,0,0.885915,1.59,1.75,0.51,1,0.201005,0.0,0.24,0
1017,236,7,1.75,1.99,0.0,0.4,0,0,0.908732,1.59,1.75,0.51,1,0.201005,0.0,0.24,0
1018,237,7,1.75,1.99,0.0,0.4,0,0,0.926986,1.59,1.75,0.51,1,0.201005,0.0,0.24,0
1019,240,7,1.86,2.09,0.0,0.0,0,0,0.941588,2.09,1.86,0.9,1,0.0,0.0,0.23,0
1020,240,7,1.86,2.09,0.0,0.0,0,0,0.953271,2.09,1.86,0.9,1,0.0,0.0,0.23,0
1021,244,7,1.86,2.09,0.0,0.2,0,0,0.762617,1.89,1.86,0.7000000000000001,1,0.095694,0.0,0.23,0
1022,252,2,1.89,2.09,0.13,0.0,0,0,0.610093,2.09,1.76,1.0,0,0.0,0.068783,0.2,2
1023,254,4,1.99,2.29,0.0,0.0,1,0,0.688075,2.29,1.99,0.97,0,0.0,0.0,0.3,4
1024,256,2,1.89,2.18,0.13,0.0,0,0,0.5504600000000001,2.18,1.76,1.09,0,0.0,0.068783,0.29,2
1025,258,4,1.99,2.29,0.0,0.0,0,0,0.640368,2.29,1.99,0.97,0,0.0,0.0,0.3,4
1026,260,7,1.86,2.13,0.0,0.24,0,0,0.712294,1.89,1.86,0.7000000000000001,1,0.112676,0.0,0.27,0
1027,260,7,1.86,2.13,0.0,0.24,0,0,0.769835,1.89,1.86,0.7000000000000001,1,0.112676,0.0,0.27,0
1028,260,1,1.76,1.99,0.0,0.2,0,0,0.815868,1.79,1.76,0.7000000000000001,0,0.100503,0.0,0.23,1
1029,263,7,1.86,2.13,0.27,0.0,0,0,0.8526950000000001,2.13,1.59,1.21,1,0.0,0.1451609999999999,0.27,0
1030,265,7,1.86,2.13,0.37,0.0,1,0,0.8821559999999999,2.13,1.49,1.31,1,0.0,0.198925,0.27,0
1031,265,7,1.86,2.13,0.37,0.0,1,0,0.905725,2.13,1.49,1.31,1,0.0,0.198925,0.27,0
1032,269,4,1.99,2.09,0.1,0.0,0,0,0.92458,2.09,1.89,0.8700000000000001,0,0.0,0.050251,0.1,4
1033,270,7,1.86,2.13,0.27,0.0,1,0,0.939664,2.13,1.59,1.21,1,0.0,0.1451609999999999,0.27,0
1034,272,4,1.99,2.09,0.0,0.4,0,0,0.951731,1.69,1.99,0.37000000000000005,0,0.191388,0.0,0.1,4
1035,277,7,1.99,2.13,0.5,0.0,0,1,0.961385,2.13,1.49,1.31,1,0.0,0.251256,0.14,0
1036,228,1,1.69,1.69,0.0,0.0,0,0,0.5,1.69,1.69,0.67,0,0.0,0.0,0.0,1
1037,228,1,1.69,1.69,0.0,0.0,0,0,0.4,1.69,1.69,0.67,0,0.0,0.0,0.0,1
1038,233,1,1.69,1.99,0.0,0.0,0,0,0.5,1.99,1.69,0.97,0,0.0,0.0,0.3,1
1039,235,1,1.69,1.99,0.0,0.0,0,0,0.4,1.99,1.69,0.97,0,0.0,0.0,0.3,1
1040,237,7,1.75,1.99,0.0,0.4,0,0,0.32,1.59,1.75,0.51,1,0.201005,0.0,0.24,0
1041,238,1,1.75,1.99,0.0,0.0,0,0,0.456,1.99,1.75,0.91,0,0.0,0.0,0.24,1
1042,238,1,1.75,1.99,0.0,0.0,0,0,0.5648,1.99,1.75,0.91,0,0.0,0.0,0.24,1
1043,239,1,1.75,1.99,0.0,0.3,0,1,0.65184,1.69,1.75,0.6100000000000001,0,0.150754,0.0,0.24,1
1044,240,1,1.75,1.99,0.0,0.3,0,1,0.721472,1.69,1.75,0.6100000000000001,0,0.150754,0.0,0.24,1
1045,241,1,1.86,1.99,0.0,0.3,0,1,0.7771779999999999,1.69,1.86,0.5,0,0.150754,0.0,0.13,1
1046,252,1,1.76,2.09,0.0,0.0,0,0,0.821742,2.09,1.76,1.0,0,0.0,0.0,0.33,1
1047,253,1,1.76,2.09,0.0,0.0,0,0,0.8573940000000001,2.09,1.76,1.0,0,0.0,0.0,0.33,1
1048,255,1,1.76,2.18,0.0,0.0,0,0,0.885915,2.18,1.76,1.09,0,0.0,0.0,0.42,1
1049,256,1,1.76,2.18,0.0,0.0,0,0,0.908732,2.18,1.76,1.09,0,0.0,0.0,0.42,1
1050,228,7,1.69,1.69,0.0,0.0,0,0,0.7440000000000001,1.69,1.69,0.67,1,0.0,0.0,0.0,0
1051,230,7,1.69,1.99,0.0,0.0,0,1,0.5952,1.99,1.69,0.97,1,0.0,0.0,0.3,0
1052,231,7,1.69,1.99,0.0,0.0,0,0,0.67616,1.99,1.69,0.97,1,0.0,0.0,0.3,0
1053,237,7,1.75,1.99,0.0,0.4,0,0,0.7409279999999999,1.59,1.75,0.51,1,0.201005,0.0,0.24,0
1054,238,7,1.75,1.99,0.0,0.4,0,0,0.7927420000000001,1.59,1.75,0.51,1,0.201005,0.0,0.24,0
1055,243,2,1.86,2.09,0.0,0.0,0,1,0.8341940000000001,2.09,1.86,0.9,0,0.0,0.0,0.23,2
1056,227,1,1.69,1.69,0.0,0.0,0,0,0.32,1.69,1.69,0.67,0,0.0,0.0,0.0,1
1057,228,7,1.69,1.69,0.0,0.0,0,0,0.256,1.69,1.69,0.67,1,0.0,0.0,0.0,0
1058,232,1,1.69,1.99,0.0,0.0,1,0,0.4048,1.99,1.69,0.97,0,0.0,0.0,0.3,1
1059,233,7,1.75,1.99,0.0,0.4,1,0,0.52384,1.59,1.75,0.51,1,0.201005,0.0,0.24,0
1060,235,1,1.69,1.99,0.0,0.0,0,0,0.6190720000000001,1.99,1.69,0.97,0,0.0,0.0,0.3,1
1061,236,1,1.75,1.99,0.0,0.0,0,0,0.695258,1.99,1.75,0.91,0,0.0,0.0,0.24,1
1062,242,1,1.86,1.99,0.0,0.3,0,1,0.5562060000000001,1.69,1.86,0.5,0,0.150754,0.0,0.13,1
1063,245,7,1.86,2.09,0.0,0.2,0,0,0.4449649999999999,1.89,1.86,0.7000000000000001,1,0.095694,0.0,0.23,0
1064,251,1,1.76,2.09,0.0,0.0,0,0,0.3559719999999999,2.09,1.76,1.0,0,0.0,0.0,0.33,1
1065,251,7,1.86,2.09,0.1,0.0,0,0,0.484778,2.09,1.76,1.0,1,0.0,0.053763,0.23,0
1066,252,7,1.86,2.09,0.1,0.0,0,0,0.5878220000000001,2.09,1.76,1.0,1,0.0,0.053763,0.23,0
1067,256,7,1.86,2.18,0.0,0.0,0,0,0.670258,2.18,1.86,0.99,1,0.0,0.0,0.32,0
1068,257,7,1.86,2.18,0.0,0.0,0,0,0.736206,2.18,1.86,0.99,1,0.0,0.0,0.32,0
1069,261,7,1.86,2.13,0.0,0.24,0,0,0.588965,1.89,1.86,0.7000000000000001,1,0.112676,0.0,0.27,0
1070,270,1,1.86,2.18,0.0,0.0,0,0,0.671172,2.18,1.86,0.99,0,0.0,0.0,0.32,1
